Tipus / Tipo;Centre / Centro;Adreça / Direccion;Districte / Distrito;Barri / Barrio;Piles / Pilas;objectid;linkid;Zona;Observació / Observación;Codi / Código;geo_shape;geo_point_2d
01-MERCADO;MERCADO DE RUZAFA;Entrada per PL. BARÃ¿ DE CORTES;2;021;3;311;;;;ME02;"{""coordinates"": [-0.37165924182715004, 39.46186460925452], ""type"": ""Point""}";39.46186460925452, -0.37165924182715004
02-CM_PERSONAS MAYORES;"CM ACTIVIDADES PERSONAS MAYORES ""TRINITAT""";C/. CONVENT DELS CARMELITES,1;5;053;1;312;;;;MA21;"{""coordinates"": [-0.3716713908932543, 39.483665492429836], ""type"": ""Point""}";39.483665492429836, -0.3716713908932543
02-CM_PERSONAS MAYORES;"CM ACTIVIDADES PERSONAS MAYORES ""SAN MARCELINO""";C/. SALVADOR PERLES;9;094;1;318;;;;MA13;"{""coordinates"": [-0.389796227110492, 39.44271669173513], ""type"": ""Point""}";39.44271669173513, -0.389796227110492
02-CM_PERSONAS MAYORES;CLUB DE JUBILADOS Y PENSIONISTAS LA ISLA;C/. ALGUER, L', 5;13;131;1;319;;;;MA25;"{""coordinates"": [-0.34111530900799836, 39.4705353083659], ""type"": ""Point""}";39.4705353083659, -0.34111530900799836
04-CENTRO EDUCATIVO;CEIP N 103;C/. ALFRED TORAN I OLMOS (ESCULTOR), 2;12;125;1;324;;;;ED52;"{""coordinates"": [-0.3504528733765317, 39.461150369030165], ""type"": ""Point""}";39.461150369030165, -0.3504528733765317
02-CM_PERSONAS MAYORES;"CM ACTIVIDADES PERSONAS MAYORES ""SAN JOSE""";PG. FACULTATS, 8 B;13;135;1;327;;;;MA27;"{""coordinates"": [-0.3473820310579061, 39.477672260875], ""type"": ""Point""}";39.477672260875, -0.3473820310579061
04-CENTRO EDUCATIVO;COLEGIO JESUS-MARIA;GV FERRAN EL CATÃ¿LIC, 37;3;033;1;328;;;;ED11;"{""coordinates"": [-0.3871187806300474, 39.47264012036855], ""type"": ""Point""}";39.47264012036855, -0.3871187806300474
04-CENTRO EDUCATIVO;CEIP LA FONTETA;C/. MOSSÃ¿N PALANCA, 27;10;104;1;332;;;;ED40;"{""coordinates"": [-0.3655213161320903, 39.44452202639347], ""type"": ""Point""}";39.44452202639347, -0.3655213161320903
05-CENTROS JUVENILES;POLIDEPORTIVO BENIMACLET;C/. DANIEL BALACIART, 8;14;141;1;333;;;;JU06;"{""coordinates"": [-0.35478855122738806, 39.48093886474272], ""type"": ""Point""}";39.48093886474272, -0.35478855122738806
02-CM_PERSONAS MAYORES;CM DE ACTIVIDADES PARA PERSONAS MAYORES REINO DE VALENCIA;C/. DOCTOR MONSERRAT, 17;3;031;1;336;;;;MA39;"{""coordinates"": [-0.38481411449300384, 39.47492839709497], ""type"": ""Point""}";39.47492839709497, -0.38481411449300384
02-CM_PERSONAS MAYORES;"CM ACTIVIDADES PERSONAS MAYORES ""TENDETES""";C/. FALUTX, S/N;4;042;1;338;;;;MA19;"{""coordinates"": [-0.3867515101524782, 39.48395184486931], ""type"": ""Point""}";39.48395184486931, -0.3867515101524782
02-CM_PERSONAS MAYORES;"CM ACTIVIDADES PERSONAS MAYORES ""ORRIOLS""";C/. SANT JOAN DE LA PENYA, 3;15;151;1;342;;;;MA29;"{""coordinates"": [-0.37057418849296314, 39.496228427864544], ""type"": ""Point""}";39.496228427864544, -0.37057418849296314
00-DEPENDENCIAS MUNICIPALES;JUNTA MUNICIPAL DE CIUTAT VELLA;PL. ALFONS EL MAGNÃ¿NIM (Xalet del Parterre);1;016;1;347;;;;DM01;"{""coordinates"": [-0.3705012096297733, 39.472507779344014], ""type"": ""Point""}";39.472507779344014, -0.3705012096297733
04-CENTRO EDUCATIVO;I.E.S. JOSE BALLESTER GOZALVO;C/. ALEMANY, 39;15;152;1;348;;;;ED36;"{""coordinates"": [-0.3799817090068524, 39.49682929173147], ""type"": ""Point""}";39.49682929173147, -0.3799817090068524
03-ASOCIACION VECINOS;ASOCIACION DE VECINOS FONT D'EN CORTS;CTRA FONT D'EN CORTS, 105;10;106;1;349;;;;AV05;"{""coordinates"": [-0.35822176539429385, 39.445679801583225], ""type"": ""Point""}";39.445679801583225, -0.35822176539429385
00-DEPENDENCIAS MUNICIPALES;CM EMPLEO Y FORMACION;C/. LLEONS, 9;12;121;1;357;;;;DM07;"{""coordinates"": [-0.3486057753040274, 39.465466657918], ""type"": ""Point""}";39.465466657918, -0.3486057753040274
01-MERCADO;MERCADO BENICALAP;C/. MIQUEL SERVET;16;161;1;360;;;;ME09;"{""coordinates"": [-0.39417997292459994, 39.48860592343046], ""type"": ""Point""}";39.48860592343046, -0.39417997292459994
02-CM_PERSONAS MAYORES;"CM ACTIVIDADES PERSONAS MAYORES ""PINEDO""";TRAV. PINEDO A LA MAR, 33;19;193;1;363;;;;MA16;"{""coordinates"": [-0.3368047266405436, 39.421657744132744], ""type"": ""Point""}";39.421657744132744, -0.3368047266405436
09-UNIVERSIDAD POPULAR;UP MALVARROSA;AV. MALVA-ROSA, 98;11;113;1;367;;;;UP13;"{""coordinates"": [-0.32793390221576063, 39.48127636236008], ""type"": ""Point""}";39.48127636236008, -0.32793390221576063
09-UNIVERSIDAD POPULAR;UP NOU MOLES-OLIVERETA;C/. TORRES, 12;7;071;1;370;;;;UP03;"{""coordinates"": [-0.39901641150624084, 39.473418846389905], ""type"": ""Point""}";39.473418846389905, -0.39901641150624084
00-DEPENDENCIAS MUNICIPALES;RETÃ¿N 7 UNI POLICIA LOCAL;PL. ARMADA ESPAÃ¿OLA, 10;11;112;1;372;;;;DM13;"{""coordinates"": [-0.3288447021970853, 39.46312486970388], ""type"": ""Point""}";39.46312486970388, -0.3288447021970853
02-CM_PERSONAS MAYORES;"CM ACTIVIDADES PERSONAS MAYORES ""EL CALVARI""";AV. GENERAL AVILES, 19;4;043;1;373;;;;MA20;"{""coordinates"": [-0.3927993965757745, 39.48700952293332], ""type"": ""Point""}";39.48700952293332, -0.3927993965757745
02-CM_PERSONAS MAYORES;"CM ACTIVIDADES PERSONAS MAYORES ""AMISTAD""";C/. IECLA, 12;13;133;1;375;;;;MA26;"{""coordinates"": [-0.3499273217063804, 39.47268814452081], ""type"": ""Point""}";39.47268814452081, -0.3499273217063804
06-ECOPARQUE;ECOPARQUE FIJO VARA DE QUART;CAMI. ALQUERIA DE LA MORERA, S/N;8;083;1;377;;;;EC00;"{""coordinates"": [-0.4089430249887012, 39.454964765211656], ""type"": ""Point""}";39.454964765211656, -0.4089430249887012
07-ALCALDIA DE BARRIO;PEDANIA MASSARROJOS;C/. MOSSÃ¿N BAU, 12 B;17;176;1;378;;;;AB10;"{""coordinates"": [-0.40391482269228346, 39.53956306509709], ""type"": ""Point""}";39.53956306509709, -0.40391482269228346
02-CM_PERSONAS MAYORES;"CM ACTIVIDADES PERSONAS MAYORES ""CRUZ CUBIERTA""";C/. TOMÃ¿S DE VILLARROYA, 17 Bjo;9;094;1;379;;;;MA12;"{""coordinates"": [-0.38813708983476886, 39.44755327831861], ""type"": ""Point""}";39.44755327831861, -0.38813708983476886
04-CENTRO EDUCATIVO;COLEGIO SAGRADO CORAZON DE JESUS-CARMELITAS;C/. MUR DE SANTA ANNA, 5;1;011;1;380;;;;ED01;"{""coordinates"": [-0.374809535992925, 39.47853806721541], ""type"": ""Point""}";39.47853806721541, -0.374809535992925
02-CM_PERSONAS MAYORES;"CM ACTIVIDADES PERSONAS MAYORES ""NAZARET""";PL. ARAS DE LOS OLMOS, 4;11;115;1;382;;;;MA38;"{""coordinates"": [-0.3333359892145762, 39.44853537574603], ""type"": ""Point""}";39.44853537574603, -0.3333359892145762
07-ALCALDIA DE BARRIO;PEDANIA CARPESA;PL. VICENTE GIL ROS (MEDALLISTA PARALIMPIC), 1;17;173;1;394;;;;AB08;"{""coordinates"": [-0.37961107410594713, 39.51683853530108], ""type"": ""Point""}";39.51683853530108, -0.37961107410594713
01-MERCADO;MERCADO DEL GRAO;PL. MERCAT NOU (RETIRADO);11;111;1;395;;;;ME11;"{""coordinates"": [-0.3348547446756048, 39.4612658218242], ""type"": ""Point""}";39.4612658218242, -0.3348547446756048
09-UNIVERSIDAD POPULAR;UP SAN MARCELINO;PL. HOLANDA, S/N;9;093;1;422;;;;UP05;"{""coordinates"": [-0.38791480424327673, 39.4481320108385], ""type"": ""Point""}";39.4481320108385, -0.38791480424327673
04-CENTRO EDUCATIVO;SERVICIO EDUCACION FISICA â¿¿ UNIVERSIDAD VALENCIA;C/. ALBALAT DELS TARONGERS, S/N;13;135;1;399;;;;ED31;"{""coordinates"": [-0.34012438914318743, 39.47657524502155], ""type"": ""Point""}";39.47657524502155, -0.34012438914318743
08-VARIOS;COCEMFE Federacion asociaciones personas discapacidad fisica y organica de provincia Valencia;C/. TORRES, 12;7;071;1;405;;;;VA04;"{""coordinates"": [-0.399022099861764, 39.47328334584735], ""type"": ""Point""}";39.47328334584735, -0.399022099861764
02-CM_PERSONAS MAYORES;"CM ACTIVIDADES PERSONAS MAYORES ""PADRE JOFRE""";C/. ESCULTOR VICENTE RODILLA, 3;8;081;1;407;;;;MA08;"{""coordinates"": [-0.3906414707395037, 39.457954891621014], ""type"": ""Point""}";39.457954891621014, -0.3906414707395037
02-CM_PERSONAS MAYORES;"CM ACTIVIDADES PERSONAS MAYORES ""CASTELLAR-OLIVERAL""";C/. POETESSA LEONOR PERALES, 1;19;192;1;408;;;;MA15;"{""coordinates"": [-0.36312171979591645, 39.42835498603412], ""type"": ""Point""}";39.42835498603412, -0.36312171979591645
00-DEPENDENCIAS MUNICIPALES;ESCUELA MUNICIPAL DE PELOTA VALENCIANA;CAMI. BORBOTÃ¿ A MASSARROJOS;17;177;1;413;;;;DM11;"{""coordinates"": [-0.389861242032982, 39.51868046067874], ""type"": ""Point""}";39.51868046067874, -0.389861242032982
04-CENTRO EDUCATIVO;COLEGIO PUREZA DE MARIA;AV. CID, 142;7;072;1;416;;;;ED13;"{""coordinates"": [-0.4091831441989463, 39.470237996285604], ""type"": ""Point""}";39.470237996285604, -0.4091831441989463
04-CENTRO EDUCATIVO;COLEGIO SAGRADA FAMILIA;C/. POETA RICARD SANMARTN, 3;14;142;1;421;;;;ED34;"{""coordinates"": [-0.35725047252103237, 39.490099901238764], ""type"": ""Point""}";39.490099901238764, -0.35725047252103237
04-CENTRO EDUCATIVO;COLEGIO PUBLICO TORREFIEL;C/. ERUDIT PAGOS, 1;15;152;1;426;;;;ED35;"{""coordinates"": [-0.37789600699328124, 39.49540285538006], ""type"": ""Point""}";39.49540285538006, -0.37789600699328124
04-CENTRO EDUCATIVO;COLEGIO SAN PEDRO PASCUAL;C/. MESTRE GUERRERO, 3;3;033;1;428;;;;ED12;"{""coordinates"": [-0.3925867553006613, 39.47336770528562], ""type"": ""Point""}";39.47336770528562, -0.3925867553006613
00-DEPENDENCIAS MUNICIPALES;BIBLIOTECA P. MARIA MOLINER;C/. SERPIS, 9-11;13;134;1;430;;;;DM09;"{""coordinates"": [-0.34910598595241155, 39.47624821091358], ""type"": ""Point""}";39.47624821091358, -0.34910598595241155
04-CENTRO EDUCATIVO;COLEGIO ALEMAN;C/. JAUME ROIG, 14;6;063;1;434;;;;ED23;"{""coordinates"": [-0.36344958417806755, 39.48194084205453], ""type"": ""Point""}";39.48194084205453, -0.36344958417806755
04-CENTRO EDUCATIVO;CEI LA ANUNCIACION;C/. CONSERVA, 2;12;121;1;437;;;;ED25;"{""coordinates"": [-0.3449768654224386, 39.464218200391414], ""type"": ""Point""}";39.464218200391414, -0.3449768654224386
01-MERCADO;MERCADO ROJAS CLEMENTE;C/. BOTÃ¿NIC;3;031;1;441;;;;ME03;"{""coordinates"": [-0.3852585188864441, 39.47299307196004], ""type"": ""Point""}";39.47299307196004, -0.3852585188864441
04-CENTRO EDUCATIVO;CEIP MIGUEL HERNANDEZ;C/. ESTEVE DOLZ DEL CASTELLAR, S/N;15;153;1;443;;;;ED37;"{""coordinates"": [-0.36698488234801613, 39.49454131696856], ""type"": ""Point""}";39.49454131696856, -0.36698488234801613
07-ALCALDIA DE BARRIO;PEDANIA CASAS DE BARCENA;CAMI. CASES DE BÃ¿RCENA,108;17;174;1;445;;;;AB09;"{""coordinates"": [-0.3565610774584699, 39.52326005645103], ""type"": ""Point""}";39.52326005645103, -0.3565610774584699
04-CENTRO EDUCATIVO;CEIP TEODORO LLORENTE;C/. JOAN LLORENS, 59;3;033;1;446;;;;ED10;"{""coordinates"": [-0.3886987513604109, 39.47008656414739], ""type"": ""Point""}";39.47008656414739, -0.3886987513604109
09-UNIVERSIDAD POPULAR;UP ALGIROS;C/. MÃ¿SIC GINÃ¿S, 21;13;132;1;448;;;;UP08;"{""coordinates"": [-0.3433210071242905, 39.47065248220579], ""type"": ""Point""}";39.47065248220579, -0.3433210071242905
03-ASOCIACION VECINOS;"ASOCIACION DE VECINOS ""PATRAIX""";PL. PATRAIX, 13;8;081;1;451;;;;AV04;"{""coordinates"": [-0.3924325530631924, 39.46319466365763], ""type"": ""Point""}";39.46319466365763, -0.3924325530631924
04-CENTRO EDUCATIVO;ESCUELAS SAN JOSI-JESUITAS;AV. CORTS VALENCIANES, 1;4;044;1;452;;;;ED49;"{""coordinates"": [-0.3974688090677516, 39.48688130271812], ""type"": ""Point""}";39.48688130271812, -0.3974688090677516
02-CM_PERSONAS MAYORES;"CM ACTIVIDADES PERSONAS MAYORES ""FUENTE DE SAN LUIS""";C/. SEVERIANO GOIG, S/N;10;105;1;453;;;;MA36;"{""coordinates"": [-0.3634029826765563, 39.4547338320675], ""type"": ""Point""}";39.4547338320675, -0.3634029826765563
08-VARIOS;TEATRE EL MUSICAL;PL. ROSARI, 3;11;112;1;456;;;;VA05;"{""coordinates"": [-0.3321323475072658, 39.4646140141827], ""type"": ""Point""}";39.4646140141827, -0.3321323475072658
04-CENTRO EDUCATIVO;CEIP L'AMISTAT;C/. SÃ¿NECA, 13;13;133;1;457;;;;ED29;"{""coordinates"": [-0.35035214295021505, 39.47217872898532], ""type"": ""Point""}";39.47217872898532, -0.35035214295021505
02-CM_PERSONAS MAYORES;"CM ACTIVIDADES PERSONAS MAYORES ""MARCHALENES""";AV. PORTUGAL, 12;5;054;1;462;;;;MA23;"{""coordinates"": [-0.37836046793729494, 39.4880709602642], ""type"": ""Point""}";39.4880709602642, -0.37836046793729494
04-CENTRO EDUCATIVO;COLEGIO ESCUELAS PIAS MALVARROSA;C/. GRAN CANÃ¿RIA, 1;11;113;1;464;;;;ED53;"{""coordinates"": [-0.3295804484119943, 39.4821043955224], ""type"": ""Point""}";39.4821043955224, -0.3295804484119943
09-UNIVERSIDAD POPULAR;UP CIUTAT VELLA;C/. SANT MIQUEL, 14;1;013;1;313;;;;UP01;"{""coordinates"": [-0.3801989288056866, 39.47684130567435], ""type"": ""Point""}";39.47684130567435, -0.3801989288056866
09-UNIVERSIDAD POPULAR;UP RUZAFA;C/. DÃ¿NIA, 39;2;021;1;314;;;;UP02;"{""coordinates"": [-0.37516603309039276, 39.46291377098341], ""type"": ""Point""}";39.46291377098341, -0.37516603309039276
02-CM_PERSONAS MAYORES;"CM ACTIVIDADES PERSONAS MAYORES ""ARRANCAPINS""";C/. HISTORIADOR DIAGO, 6-8;3;034;1;316;;;;MA02;"{""coordinates"": [-0.38378188262656665, 39.46756431890583], ""type"": ""Point""}";39.46756431890583, -0.38378188262656665
01-MERCADO;MERCADO DEL CABAÃ¿AL;C/. JUST VILAR;11;112;1;322;;;;ME12;"{""coordinates"": [-0.3332365554466184, 39.46752947946979], ""type"": ""Point""}";39.46752947946979, -0.3332365554466184
00-DEPENDENCIAS MUNICIPALES;JUNTA MUNICIPAL EXPOSICION;C/. GUÃ¿RDIA CIVIL, 19;14;141;1;331;;;;DM10;"{""coordinates"": [-0.35762478739039, 39.48247030818537], ""type"": ""Point""}";39.48247030818537, -0.35762478739039
00-DEPENDENCIAS MUNICIPALES;CONSULTORIO AUXILIAR BARRI LA PUNTA;AV. JESÃ¿S MORANTE BORRÃS, 176;10;106;1;339;;;;DM14;"{""coordinates"": [-0.34391832975438835, 39.442560553374506], ""type"": ""Point""}";39.442560553374506, -0.34391832975438835
04-CENTRO EDUCATIVO;COLEGIO PUBLICO PARE CATALA;C/. PARE ALEGRE, 20-22;14;141;1;340;;;;ED32;"{""coordinates"": [-0.35530345185088663, 39.484245409996824], ""type"": ""Point""}";39.484245409996824, -0.35530345185088663
04-CENTRO EDUCATIVO;CEIP LES ARENES;C/. CASES DE LANUZA, 4;11;112;1;343;;;;ED44;"{""coordinates"": [-0.32725028636107073, 39.467251471799834], ""type"": ""Point""}";39.467251471799834, -0.32725028636107073
04-CENTRO EDUCATIVO;COLEGIO SAGRADO CORAZON;C/. SALAMANCA, 45;2;023;1;345;;;;ED07;"{""coordinates"": [-0.36310511001195234, 39.46481306502519], ""type"": ""Point""}";39.46481306502519, -0.36310511001195234
04-CENTRO EDUCATIVO;INSTITUTO SAN VICENTE FERRER;C/. ALMIRALL CADARSO, 20-22;2;023;1;346;;;;ED08;"{""coordinates"": [-0.36716599045615206, 39.46393950064771], ""type"": ""Point""}";39.46393950064771, -0.36716599045615206
01-MERCADO;MERCADO DE CASTILLA;C/. JOSEP MAESTRE, 13;7;073;1;354;;;;ME05;"{""coordinates"": [-0.4033580601893508, 39.46543877009847], ""type"": ""Point""}";39.46543877009847, -0.4033580601893508
09-UNIVERSIDAD POPULAR;UP ORRIOLS;C/. SANTIAGO RUSIÃ¿OL, 13;15;151;1;355;;;;UP10;"{""coordinates"": [-0.3692153689163339, 39.497077995931726], ""type"": ""Point""}";39.497077995931726, -0.3692153689163339
08-VARIOS;VALÃ¿NCIA ACTIVA-CENTRO MALILLA;C/. PIANISTA EMPAR ITURBI, 60;10;103;1;358;;;;VA06;"{""coordinates"": [-0.3786468334452253, 39.45404136582952], ""type"": ""Point""}";39.45404136582952, -0.3786468334452253
02-CM_PERSONAS MAYORES;"CM ACTIVIDADES PERSONAS MAYORES ""LA TORRE""";C/. BENIDOLEIG, 9;19;197;1;364;;;;MA17;"{""coordinates"": [-0.39317166711140966, 39.43450705844619], ""type"": ""Point""}";39.43450705844619, -0.39317166711140966
01-MERCADO;MERCADO BENIMAMET;PL. ALBORAIG;18;181;1;376;;;;ME10;"{""coordinates"": [-0.41797673760175974, 39.498897259978804], ""type"": ""Point""}";39.498897259978804, -0.41797673760175974
01-MERCADO;MERCADO TORREFIEL;C/. SANT DOMENEC SAVIO;15;152;1;383;;;;ME08;"{""coordinates"": [-0.3757708763088721, 39.49751156709636], ""type"": ""Point""}";39.49751156709636, -0.3757708763088721
04-CENTRO EDUCATIVO;IES LLUIS VIVES;C/. SANT PAU, 4 (punt ubicat en AV. MARQUÃ¿S DE SOTELO, 9 );1;016;1;384;;;;ED05;"{""coordinates"": [-0.3772980467911945, 39.46808530153522], ""type"": ""Point""}";39.46808530153522, -0.3772980467911945
04-CENTRO EDUCATIVO;CEIP DOCTOR LOPEZ ROSAT;C/. VICENT MAROTO, 1;7;073;1;385;;;;ED14;"{""coordinates"": [-0.3959491269210414, 39.464846489713594], ""type"": ""Point""}";39.464846489713594, -0.3959491269210414
02-CM_PERSONAS MAYORES;"CM ACTIVIDADES PERSONAS MAYORES ""PATRAIX""";C/. SALABERT, 13ac;8;081;1;386;;;;MA07;"{""coordinates"": [-0.3942959387452805, 39.46285526673407], ""type"": ""Point""}";39.46285526673407, -0.3942959387452805
08-VARIOS;CENTRO SOCIAL SENABRE;C/. LLANERA DE RANES, 30;9;092;1;387;;;;VA03;"{""coordinates"": [-0.38900826546718986, 39.453230348762766], ""type"": ""Point""}";39.453230348762766, -0.38900826546718986
02-CM_PERSONAS MAYORES;"CM ACTIVIDADES PERSONAS MAYORES ""NOU MOLES""";C/. BURGOS, S/N;7;071;1;390;;;;MA03;"{""coordinates"": [-0.39906318290102577, 39.4701102123832], ""type"": ""Point""}";39.4701102123832, -0.39906318290102577
09-UNIVERSIDAD POPULAR;UP ROVELLA. CENTROS SOCIALES.;C/. ARABISTA AMBROSIO HUICI, 24;10;105;1;391;;;;UP12;"{""coordinates"": [-0.3607904227176457, 39.45607941099214], ""type"": ""Point""}";39.45607941099214, -0.3607904227176457
02-CM_PERSONAS MAYORES;"CM ACTIVIDADES PERSONAS MAYORES ""MARE DE DEU DEL DESEMPARATS""";C/. MÃ¿SIC AYLLÃ¿N, S/N;7;073;1;393;;;;MA04;"{""coordinates"": [-0.3968979392254807, 39.465843663515614], ""type"": ""Point""}";39.465843663515614, -0.3968979392254807
00-DEPENDENCIAS MUNICIPALES;AJUNTAMENT DE VALÃ¿NCIA-TABACALERA(Entrada Registro);C/. AMADEU DE SAVOIA, 11;6;061;1;398;;;;DM06;"{""coordinates"": [-0.36213070107963596, 39.47404257072742], ""type"": ""Point""}";39.47404257072742, -0.36213070107963596
04-CENTRO EDUCATIVO;IES BARRIO DEL CARMEN;C/. BENEFICÃ¿NCIA, 20;1;013;1;401;;;;ED04;"{""coordinates"": [-0.3818176888953007, 39.479630497789266], ""type"": ""Point""}";39.479630497789266, -0.3818176888953007
05-CENTROS JUVENILES;CM JUVENTUD CAMPANAR;C/. VALL DE LA BALLESTERA, 66;4;044;1;403;;;;JU01;"{""coordinates"": [-0.4061498803864604, 39.47891670388609], ""type"": ""Point""}";39.47891670388609, -0.4061498803864604
02-CM_PERSONAS MAYORES;"CM ACTIVIDADES PERSONAS MAYORES ""LA LLUM""";C/. SANTIAGO DE LÃ¿S, 1;7;075;1;404;;;;MA06;"{""coordinates"": [-0.4127212813409663, 39.46778741493406], ""type"": ""Point""}";39.46778741493406, -0.4127212813409663
04-CENTRO EDUCATIVO;CEIP BENIMAMET;C/. RAFAEL TENES ESCRICH, 56;18;181;1;409;;;;ED39;"{""coordinates"": [-0.4131313245174659, 39.50049260813759], ""type"": ""Point""}";39.50049260813759, -0.4131313245174659
04-CENTRO EDUCATIVO;COLEGIO PUBLICO SANTA TERESA;C/. HORT D'EN CENDRA, L', 3;1;013;1;410;;;;ED03;"{""coordinates"": [-0.3814859965831113, 39.479126936776616], ""type"": ""Point""}";39.479126936776616, -0.3814859965831113
04-CENTRO EDUCATIVO;COLEGIO LA PURISIMA-GRAO;C/. JOSEP AGUIRRE, 33;11;111;1;411;;;;ED43;"{""coordinates"": [-0.3340292437170603, 39.46183478074841], ""type"": ""Point""}";39.46183478074841, -0.3340292437170603
02-CM_PERSONAS MAYORES;"CM CENTRO DIA MUNICIPAL PARA PERSONAS MAYORES DEPENDIENTES ""LA PURISIMA""";C/. ASSAGADOR D'ALBORAIA, 20;15;153;1;412;;;;MA31;"{""coordinates"": [-0.362819473160609, 39.489434578663975], ""type"": ""Point""}";39.489434578663975, -0.362819473160609
00-DEPENDENCIAS MUNICIPALES;EDIFICIO CASINO;C/. FERRER I BIGNÃ¿, 85;17;171;1;414;;;;DM15;"{""coordinates"": [-0.385459797179561, 39.53024417996588], ""type"": ""Point""}";39.53024417996588, -0.385459797179561
04-CENTRO EDUCATIVO;COLEGIO PUBLICO CERVANTES;C/. GUILLEM DE CASTRO, 153;3;031;1;415;;;;ED09;"{""coordinates"": [-0.3841141760963024, 39.47716484353804], ""type"": ""Point""}";39.47716484353804, -0.3841141760963024
01-MERCADO;MERCADO ALGIROS;PL. SANT FELIP NERI;12;122;1;417;;;;ME07;"{""coordinates"": [-0.35347936718283945, 39.470008546884294], ""type"": ""Point""}";39.470008546884294, -0.35347936718283945
09-UNIVERSIDAD POPULAR;UP MORVEDRE;PL. RONCESVALLS, 8;5;054;1;418;;;;UP06;"{""coordinates"": [-0.37866891433936917, 39.48751032990669], ""type"": ""Point""}";39.48751032990669, -0.37866891433936917
09-UNIVERSIDAD POPULAR;UP BENICALAP;C/. LOUIS BRAILLE, 1 (parc);16;162;1;423;;;;UP11;"{""coordinates"": [-0.39563299225252885, 39.496183213368624], ""type"": ""Point""}";39.496183213368624, -0.39563299225252885
07-ALCALDIA DE BARRIO;ALCALDIA DE FORN D'ALCEDO;C/. GUADALQUIVIR, 15;19;191;1;424;;;;AB01;"{""coordinates"": [-0.37613390739669833, 39.43259613113737], ""type"": ""Point""}";39.43259613113737, -0.37613390739669833
03-ASOCIACION VECINOS;"ASOCIACION DE VECINOS ""ARNICHES""";C.V. XIRIVELLA, 1;7;072;1;425;;;;AV01;"{""coordinates"": [-0.40841802232151014, 39.47269409722403], ""type"": ""Point""}";39.47269409722403, -0.40841802232151014
09-UNIVERSIDAD POPULAR;UP PARRETA;C/. VICENT PERIS, 3;5;054;1;429;;;;UP07;"{""coordinates"": [-0.3814435600108877, 39.48987368837492], ""type"": ""Point""}";39.48987368837492, -0.3814435600108877
05-CENTROS JUVENILES;CM JUVENTUD BENIMACLET;C/. ARQUITECTE ARNAU, 63;14;141;1;431;;;;JU05;"{""coordinates"": [-0.3563851494242388, 39.4864581599911], ""type"": ""Point""}";39.4864581599911, -0.3563851494242388
04-CENTRO EDUCATIVO;COLEGIO PUBLICO MUNICIPAL BENIMACLET;C/. ARQUITECTE ARNAU, S/N;14;142;1;435;;;;ED33;"{""coordinates"": [-0.3559671813311137, 39.48687042159499], ""type"": ""Point""}";39.48687042159499, -0.3559671813311137
07-ALCALDIA DE BARRIO;ALCALDIA EL PERELLONET;AV. GAVINES, S/N;19;196;1;438;;;;AB05;"{""coordinates"": [-0.288838341436949, 39.29791367934801], ""type"": ""Point""}";39.29791367934801, -0.288838341436949
02-CM_PERSONAS MAYORES;"CM ACTIVIDADES PERSONAS MAYORES ""RUZAFA""";C/. CUBA, 63;2;021;1;439;;;;MA01;"{""coordinates"": [-0.3750283944096615, 39.45927560875788], ""type"": ""Point""}";39.45927560875788, -0.3750283944096615
04-CENTRO EDUCATIVO;CEIP JOSE SOTO MICO;C/. BEETHOVEN, S/N;9;092;1;440;;;;ED17;"{""coordinates"": [-0.3900151196451928, 39.450218209783365], ""type"": ""Point""}";39.450218209783365, -0.3900151196451928
09-UNIVERSIDAD POPULAR;UP SAN ISIDRO;C/. JOSI ANDREU ALABARTA, 25;8;082;1;447;;;;UP04;"{""coordinates"": [-0.40420449524049834, 39.45333684899232], ""type"": ""Point""}";39.45333684899232, -0.40420449524049834
04-CENTRO EDUCATIVO;AVAPACE;PL. JOSÃ¿ MARÃA ORENSE;13;132;1;450;;;;ED28;"{""coordinates"": [-0.3402540238630378, 39.47335316409278], ""type"": ""Point""}";39.47335316409278, -0.3402540238630378
02-CM_PERSONAS MAYORES;"CM ACTIVIDADES PERSONAS MAYORES ""CABANYAL-CANYAMELAR""";C/. DOCTOR LLUCH, Fte 75;11;112;1;454;;;;MA37;"{""coordinates"": [-0.3282848832395655, 39.46677095323611], ""type"": ""Point""}";39.46677095323611, -0.3282848832395655
01-MERCADO;MERCADO CONVENTO JERUSALEN;C/. MATEMÃ¿TIC MARZAL;3;032;1;455;;;;ME04;"{""coordinates"": [-0.3805401855029309, 39.46663738728998], ""type"": ""Point""}";39.46663738728998, -0.3805401855029309
04-CENTRO EDUCATIVO;IES CAMPANAR;PL. BADAJOZ, S/N;4;041;1;459;;;;ED48;"{""coordinates"": [-0.3983639333794583, 39.48096212674752], ""type"": ""Point""}";39.48096212674752, -0.3983639333794583
02-CM_PERSONAS MAYORES;"CM ACTIVIDADES PERSONAS MAYORES ""BENIMACLET""";C/. EMILI BARÃ¿, 87;15;153;1;460;;;;MA30;"{""coordinates"": [-0.3585832345887398, 39.49265106969566], ""type"": ""Point""}";39.49265106969566, -0.3585832345887398
02-CM_PERSONAS MAYORES;"CM ACTIVIDADES PERSONAS MAYORES ""TRAFALGAR""";C/. TRAFALGAR, 34;12;123;1;463;;;;MA24;"{""coordinates"": [-0.3451252510320386, 39.46142790998163], ""type"": ""Point""}";39.46142790998163, -0.3451252510320386
04-CENTRO EDUCATIVO;CEFIRE-CENTRE DE FORMACIO INNOVACIO I RECURSOS PER AL PROFESSORAT;C/. PINTOR GASENT, 8 (DirecciÃ³n oficial Paco Pierra, 20);10;105;1;315;;;;ED56;"{""coordinates"": [-0.36664257078147416, 39.449734826410236], ""type"": ""Point""}";39.449734826410236, -0.36664257078147416
02-CM_PERSONAS MAYORES;"CM ACTIVIDADES PERSONAS MAYORES ""SAN ISIDRO""";C/. JOSÃ¿ ANDREU ALABARTA, S/N;8;082;1;317;;;;MA09;"{""coordinates"": [-0.4050607958320004, 39.453139532673354], ""type"": ""Point""}";39.453139532673354, -0.4050607958320004
02-CM_PERSONAS MAYORES;"CM ACTIVIDADES PERSONAS MAYORES ""BENIMAMET""";PL. LUIS CANO, 2ac;18;181;1;320;;;;MA33;"{""coordinates"": [-0.4180495394189374, 39.501604036523844], ""type"": ""Point""}";39.501604036523844, -0.4180495394189374
01-MERCADO;MERCADO CENTRAL;PL. MERCAT, 6;1;015;1;321;;;;ME01;"{""coordinates"": [-0.37845796653037966, 39.47375762979897], ""type"": ""Point""}";39.47375762979897, -0.37845796653037966
08-VARIOS;ORGANISMO AUTONOMO MUNICIPAL PARQUES Y JARDINES;C/. ANTONI SUÃREZ, 7;6;062;1;323;;;;VA02;"{""coordinates"": [-0.3579192322149416, 39.468642477269476], ""type"": ""Point""}";39.468642477269476, -0.3579192322149416
07-ALCALDIA DE BARRIO;ALCALDIA EL PALMAR;C/. CAUDETE, 15;19;195;1;325;;;;AB04;"{""coordinates"": [-0.3176533724198616, 39.30938519493066], ""type"": ""Point""}";39.30938519493066, -0.3176533724198616
04-CENTRO EDUCATIVO;EI 1er CICLE MUNICIPAL PARDALETS;C/. POETA ARTOLA, S/N;13;134;1;326;;;;ED30;"{""coordinates"": [-0.34942450526722735, 39.47531771050847], ""type"": ""Point""}";39.47531771050847, -0.34942450526722735
02-CM_PERSONAS MAYORES;"CM ACTIVIDADES PERSONAS MAYORES ""HORNO ALCEDO""";C/. RIU CABRIOL, 2 Bjo.;19;191;1;329;;;;MA14;"{""coordinates"": [-0.37492592531276875, 39.432683873268374], ""type"": ""Point""}";39.432683873268374, -0.37492592531276875
02-CM_PERSONAS MAYORES;UD PENSIONISTAS BENIMACLET;C/. UTIEL, 22;14;141;1;330;;;;MA28;"{""coordinates"": [-0.35855665954853966, 39.4856797386466], ""type"": ""Point""}";39.4856797386466, -0.35855665954853966
02-CM_PERSONAS MAYORES;"CM ACTIVIDADES PERSONAS MAYORES ""CAMPANAR""";C/. DRAGAMINES, 11;4;041;1;334;;;;MA18;"{""coordinates"": [-0.3969731310686819, 39.48116541674974], ""type"": ""Point""}";39.48116541674974, -0.3969731310686819
02-CM_PERSONAS MAYORES;"CM ACTIVIDADES PERSONAS MAYORES ""BENICALAPECH""";C/. LOUIS BRAILLE, S/N;16;162;1;335;;;;MA32;"{""coordinates"": [-0.3955846239188685, 39.4962114618414], ""type"": ""Point""}";39.4962114618414, -0.3955846239188685
07-ALCALDIA DE BARRIO;ALCALDIA DE LA PUNTA;C/. ALBERTO GARCÃA ESTEVE (ADVOCAT), SN;10;106;1;337;;;;AB11;"{""coordinates"": [-0.3353597529864027, 39.44308518958355], ""type"": ""Point""}";39.44308518958355, -0.3353597529864027
07-ALCALDIA DE BARRIO;PEDANIA POBLE NOU;CAMI. MONCADA, 205;17;172;1;341;;;;AB07;"{""coordinates"": [-0.3840349331139049, 39.5042458569491], ""type"": ""Point""}";39.5042458569491, -0.3840349331139049
05-CENTROS JUVENILES;CM JUVENTUD ORRIOLS;C/. SANTIAGO RUSIÃ¿OL, 3ac;15;152;1;344;;;;JU07;"{""coordinates"": [-0.37042776981653036, 39.49742383741234], ""type"": ""Point""}";39.49742383741234, -0.37042776981653036
04-CENTRO EDUCATIVO;COLEGIO SAN VICENTE FERRER-DOMINICOS VALENCIA;C/ ISABEL LA CATÃ¿LICA, 25;2;022;1;350;;;;ED57;"{""coordinates"": [-0.36949979788078213, 39.46755901138264], ""type"": ""Point""}";39.46755901138264, -0.36949979788078213
04-CENTRO EDUCATIVO;COLEGIO SALESIANOS SAN ANTONIO ABAD;AV. PRIMAT REIG, 2;5;055;1;351;;;;ED54;"{""coordinates"": [-0.37376505497805906, 39.491652450174044], ""type"": ""Point""}";39.491652450174044, -0.37376505497805906
04-CENTRO EDUCATIVO;CEIP PROFESSOR RAMIRO JOVER;C/. PIUS IX, S/N;9;095;1;352;;;;ED18;"{""coordinates"": [-0.3940106284127958, 39.44316860152606], ""type"": ""Point""}";39.44316860152606, -0.3940106284127958
05-CENTROS JUVENILES;CM JUVENTUD ALGIROS;C/. CAMPOAMOR, 91;13;131;1;353;;;;JU04;"{""coordinates"": [-0.3403568069028557, 39.469250429423724], ""type"": ""Point""}";39.469250429423724, -0.3403568069028557
08-VARIOS;NATURIA  - CENTRO DE MEDIO AMBIENTE URBANO DEL AYTO.VALENCIA;Jardins del TÃºria - entre PG. PETXINA i AV. MANUEL DE FALLA;4;041;1;356;;;;VA01;"{""coordinates"": [-0.3977421311376304, 39.47524531626363], ""type"": ""Point""}";39.47524531626363, -0.3977421311376304
04-CENTRO EDUCATIVO;COLEGIO SANTIAGO APOSTOL DEL CABANYAL;C/. ESCALANTE, 329;11;112;1;359;;;;ED45;"{""coordinates"": [-0.32974407159851216, 39.47403093531829], ""type"": ""Point""}";39.47403093531829, -0.32974407159851216
07-ALCALDIA DE BARRIO;ALCALDIA EL SALER;AV. PINARS, 1;19;194;1;361;;;;AB03;"{""coordinates"": [-0.33186960711625013, 39.38229961571037], ""type"": ""Point""}";39.38229961571037, -0.33186960711625013
04-CENTRO EDUCATIVO;EI 1er CICLE MUNICIPAL GENERAL URRUTIA;C/. RICARDO MUÃ¿OZ SUAY (CINEASTA), S/N;10;107;1;362;;;;ED42;"{""coordinates"": [-0.35883945960066876, 39.45254521109653], ""type"": ""Point""}";39.45254521109653, -0.35883945960066876
04-CENTRO EDUCATIVO;IES EL CLOT;C/. ECONOMISTA GAY, 34;5;054;1;365;;;;ED21;"{""coordinates"": [-0.37956793898331426, 39.489322733210734], ""type"": ""Point""}";39.489322733210734, -0.37956793898331426
04-CENTRO EDUCATIVO;CEIP MAX AUB;C/. PARE URBANO, S/N;5;055;1;366;;;;ED22;"{""coordinates"": [-0.3701915796344262, 39.48786416002875], ""type"": ""Point""}";39.48786416002875, -0.3701915796344262
00-DEPENDENCIAS MUNICIPALES;CONSERVATORIO MUNICIPAL DE MUSICA JOSE ITURBI;AV. BALEARS, 36;12;125;1;368;;;;DM08;"{""coordinates"": [-0.3520073459198504, 39.46112152046048], ""type"": ""Point""}";39.46112152046048, -0.3520073459198504
02-CM_PERSONAS MAYORES;CM OCUPACIONAL JUAN DE GARAY;C/. JUAN DE GARAY, 52;8;085;1;369;;;;MA10;"{""coordinates"": [-0.3955250754485093, 39.45501363475818], ""type"": ""Point""}";39.45501363475818, -0.3955250754485093
02-CM_PERSONAS MAYORES;"CM ACTIVIDADES PERSONAS MAYORES ""BENIFERRI""";C/. FAVANELLA, S/N;18;182;1;371;;;;MA34;"{""coordinates"": [-0.40716025322193217, 39.492960400120886], ""type"": ""Point""}";39.492960400120886, -0.40716025322193217
04-CENTRO EDUCATIVO;CEIP ARQUITECTO SANTIAGO CALATRAVA;C.N. PATERNA, 167;18;181;1;374;;;;ED38;"{""coordinates"": [-0.4186961477773971, 39.494367671787764], ""type"": ""Point""}";39.494367671787764, -0.4186961477773971
04-CENTRO EDUCATIVO;IES BENLLIURE;C/. CONVENT DELS CARMELITES, 13;5;053;1;381;;;;ED20;"{""coordinates"": [-0.369807525966548, 39.483140385560844], ""type"": ""Point""}";39.483140385560844, -0.369807525966548
07-ALCALDIA DE BARRIO;ALCALDIA DE PINEDO;CTRA. RIU, 263;19;193;1;388;;;;AB02;"{""coordinates"": [-0.34080648073880926, 39.424360439881625], ""type"": ""Point""}";39.424360439881625, -0.34080648073880926
04-CENTRO EDUCATIVO;CEIP NTRA. SRA. DEL CARMEN;C/. AMADAS DE GAULA, S/N;11;114;1;389;;;;ED46;"{""coordinates"": [-0.335676235839088, 39.47416082772699], ""type"": ""Point""}";39.47416082772699, -0.335676235839088
00-DEPENDENCIAS MUNICIPALES;AJUNTAMENT DE VALÃ¿NCIA;PL. AJUNTAMENT, 1;1;016;1;392;;;;DM03;"{""coordinates"": [-0.3769798736094758, 39.46981190007435], ""type"": ""Point""}";39.46981190007435, -0.3769798736094758
02-CM_PERSONAS MAYORES;"CM ACTIVIDADES PERSONAS MAYORES ""GIORGETA-CARMEN GRACIA""";AV. GIORGETA, 18;9;091;1;396;;;;MA11;"{""coordinates"": [-0.3858615594705692, 39.46037829854154], ""type"": ""Point""}";39.46037829854154, -0.3858615594705692
04-CENTRO EDUCATIVO;CENTRO DE EDUCACION INFANTIL L'ESCOLETA DEL CARME;C/. PALMA, 5;1;013;1;397;;;;ED02;"{""coordinates"": [-0.3790397719983229, 39.478754390854284], ""type"": ""Point""}";39.478754390854284, -0.3790397719983229
02-CM_PERSONAS MAYORES;"CM ACTIVIDADES PERSONAS MAYORES ""MALILLA""";C/. JUAN RAMON JIMÃ¿NEZ, 18;10;103;1;400;;;;MA35;"{""coordinates"": [-0.3764464359533808, 39.45497388466856], ""type"": ""Point""}";39.45497388466856, -0.3764464359533808
05-CENTROS JUVENILES;POLIDEPORTIVO ASTURIAS;C/. ASTÃ¿RIES, Jt 22;12;125;1;402;;;;JU03;"{""coordinates"": [-0.35588278765334913, 39.465032542190976], ""type"": ""Point""}";39.465032542190976, -0.35588278765334913
05-CENTROS JUVENILES;POLIDEPORTIVO MARXALENES;C/. ECONOMISTA GAY, Fte 48;5;054;1;406;;;;JU02;"{""coordinates"": [-0.3811348251687125, 39.48871905683107], ""type"": ""Point""}";39.48871905683107, -0.3811348251687125
04-CENTRO EDUCATIVO;CENTRO FORMACIAN DE PERSONAS ADULTAS FUENTE DE SAN LUIS;C/. PINTOR GASENT, 8 (DirecciÃ³n oficial Paco Pierra, 20);10;105;1;419;;;;ED55;"{""coordinates"": [-0.3665674814386535, 39.44987726601576], ""type"": ""Point""}";39.44987726601576, -0.3665674814386535
03-ASOCIACION VECINOS;"ASOCIACION DE VECINOS ""TORREFIEL""";C/. JACOMART, 22;15;152;1;420;;;;AV03;"{""coordinates"": [-0.3766963112231758, 39.496753594243856], ""type"": ""Point""}";39.496753594243856, -0.3766963112231758
02-CM_PERSONAS MAYORES;"CM ACTIVIDADES PERSONAS MAYORES ""VIVEROS""";PL. Ã¿VILA, 17;5;053;1;427;;;;MA22;"{""coordinates"": [-0.3698327174232672, 39.4813469215975], ""type"": ""Point""}";39.4813469215975, -0.3698327174232672
02-CM_PERSONAS MAYORES;"CM ACTIVIDADES PERSONAS MAYORES ""LA FONTSANTA""";C/. MARE DE DÃ¿U DE LA FONTSANTA, S/N;7;074;1;432;;;;MA05;"{""coordinates"": [-0.4072171036534992, 39.46650166814691], ""type"": ""Point""}";39.46650166814691, -0.4072171036534992
09-UNIVERSIDAD POPULAR;UP BENIMACLET;C/. FRANCESC MARTÃNEZ, 32;14;141;1;433;;;;UP09;"{""coordinates"": [-0.3583361237491645, 39.48816968091094], ""type"": ""Point""}";39.48816968091094, -0.3583361237491645
08-VARIOS;VALÃ¿NCIA ACTIVA-CENTRO FONTETA;AV. PLATA, 28;10;105;1;436;;;;VA07;"{""coordinates"": [-0.36631014962219716, 39.45515087415103], ""type"": ""Point""}";39.45515087415103, -0.36631014962219716
00-DEPENDENCIAS MUNICIPALES;AJUNTAMENT DE VALÃ¿NCIA-TABACALERA(Entrada Principal);C/. AMADEU DE SAVOIA, 11;6;061;1;442;;;;DM05;"{""coordinates"": [-0.36098615825903846, 39.473833345889496], ""type"": ""Point""}";39.473833345889496, -0.36098615825903846
04-CENTRO EDUCATIVO;CIFP CIUDAD DEL APRENDIZ;C/. CIUTAT DE L'APRENENT, 4;9;095;1;444;;;;ED50;"{""coordinates"": [-0.390554741608402, 39.440139119334894], ""type"": ""Point""}";39.440139119334894, -0.390554741608402
04-CENTRO EDUCATIVO;CEIP MIGUEL ADLERT I NOGUEROL;C/. PEPE ALBA, 21;12;121;1;449;;;;ED26;"{""coordinates"": [-0.3467815964105589, 39.46778289687962], ""type"": ""Point""}";39.46778289687962, -0.3467815964105589
04-CENTRO EDUCATIVO;CEIP TOMAS DE MONTA;AV. BALEARS, 40;12;125;1;458;;;;ED27;"{""coordinates"": [-0.3511744037697546, 39.46167065014307], ""type"": ""Point""}";39.46167065014307, -0.3511744037697546
00-DEPENDENCIAS MUNICIPALES;EDIFICIO MUNICIPAL;C/. CONVENT DE SANT FRANCESC, 2;1;016;1;461;;;;DM04;"{""coordinates"": [-0.3777809245303588, 39.46937361913277], ""type"": ""Point""}";39.46937361913277, -0.3777809245303588
04-CENTRO EDUCATIVO;COLEGIO SAN JUAN DE RIBERA;C/. CIRIL AMORÃ¿S, 3;2;022;1;465;;;;ED06;"{""coordinates"": [-0.3740390032088122, 39.466325889030465], ""type"": ""Point""}";39.466325889030465, -0.3740390032088122
