Tipus / Tipo;Centre / Centro;Adreça / Direccion;Districte / Distrito;Barri / Barrio;Oli / Aceite;objectid;Estat / Estado;geo_shape;geo_point_2d
VIA PUBLICA;;C/ SAGUNT - C/ HORT D'EN VICENT;05;052;1;1297;Instalado;"{""coordinates"": [-0.3744708158604005, 39.48553564929758], ""type"": ""Point""}";39.48553564929758, -0.3744708158604005
VIA PUBLICA;;GV MARQUÉS DEL TÚRIA - C/ CISCAR;02;023;1;1300;Instalado;"{""coordinates"": [-0.3667876827002672, 39.46758168380394], ""type"": ""Point""}";39.46758168380394, -0.3667876827002672
VIA PUBLICA;;C/ FRANCO TORMO, FRT. 3;08;081;1;1303;Instalado;"{""coordinates"": [-0.3899877702532157, 39.45810817020804], ""type"": ""Point""}";39.45810817020804, -0.3899877702532157
VIA PUBLICA;;AV JACINTO BENAVENTE - C/ BORRIANA;02;023;1;1306;Instalado;"{""coordinates"": [-0.3631924265835391, 39.46671932754078], ""type"": ""Point""}";39.46671932754078, -0.3631924265835391
VIA PUBLICA;;AV BLASCO IBÁÑEZ - C/ RAMON LLUL;13;134;1;1307;Instalado;"{""coordinates"": [-0.34821398379489565, 39.474470224406986], ""type"": ""Point""}";39.474470224406986, -0.34821398379489565
VIA PUBLICA;;AV JOAN XXIII - C/ FRANCISCO COMES MARTINEZ (DRAMATURG);16;161;1;1318;Instalado;"{""coordinates"": [-0.3836765075014651, 39.49488198263231], ""type"": ""Point""}";39.49488198263231, -0.3836765075014651
VIA PUBLICA;;C/ SANTIAGO RUSIÑOL - C/ SANT JOAN BOSCO;15;151;1;1330;Instalado;"{""coordinates"": [-0.36938586954537383, 39.49693129659259], ""type"": ""Point""}";39.49693129659259, -0.36938586954537383
VIA PUBLICA;;C/ FRAY PERE VIVES - C/ BILBAO;05;055;1;1334;Instalado;"{""coordinates"": [-0.37281018451513004, 39.486863560548606], ""type"": ""Point""}";39.486863560548606, -0.37281018451513004
VIA PUBLICA;;C/ SERRADORA - C/ FELIPE SALVADOR;12;121;1;1339;Instalado;"{""coordinates"": [-0.3381636117277112, 39.46232087718082], ""type"": ""Point""}";39.46232087718082, -0.3381636117277112
VIA PUBLICA;;C/ POETA BODRIA, 10;05;053;1;1344;Instalado;"{""coordinates"": [-0.3724990286112711, 39.481250854459866], ""type"": ""Point""}";39.481250854459866, -0.3724990286112711
VIA PUBLICA;;C/ AIORA - C/ XIVA;08;081;1;1347;Instalado;"{""coordinates"": [-0.39217749952971814, 39.46637134905663], ""type"": ""Point""}";39.46637134905663, -0.39217749952971814
VIA PUBLICA;;C/ NAVARRO CABANES - C/ RACÓ D'ADEMÚS;07;071;1;1349;Instalado;"{""coordinates"": [-0.40279913776282134, 39.470946972195065], ""type"": ""Point""}";39.470946972195065, -0.40279913776282134
VIA PUBLICA;;C/ DEMOCRÀCIA, 85;07;072;1;1352;Instalado;"{""coordinates"": [-0.4059825883972826, 39.472463181372866], ""type"": ""Point""}";39.472463181372866, -0.4059825883972826
VIA PUBLICA;;C/ VICENT VIDAL (CRONISTA), 2;12;123;1;1355;Instalado;"{""coordinates"": [-0.34836655210385997, 39.461467645207506], ""type"": ""Point""}";39.461467645207506, -0.34836655210385997
VIA PUBLICA;;C/ COSTA I BORRÀS - C/ JERONIMA GALES (IMPRESSORA);09;092;1;1367;Instalado;"{""coordinates"": [-0.3892825184499628, 39.45500138985643], ""type"": ""Point""}";39.45500138985643, -0.3892825184499628
VIA PUBLICA;;AV PÉREZ GALDÓS, 47;08;081;1;1369;Instalado;"{""coordinates"": [-0.38975855021192574, 39.46628908826019], ""type"": ""Point""}";39.46628908826019, -0.38975855021192574
VIA PUBLICA;;AV PRIMER DE MAIG - C/ JERONIMA GALES (IMPRESSORA);09;092;1;1370;Instalado;"{""coordinates"": [-0.3928513911081375, 39.449836852431304], ""type"": ""Point""}";39.449836852431304, -0.3928513911081375
VIA PUBLICA;;AV DOCTOR TOMAS SALA, 18 acc;09;094;1;1372;Instalado;"{""coordinates"": [-0.38881458499882404, 39.44650677074238], ""type"": ""Point""}";39.44650677074238, -0.38881458499882404
VIA PUBLICA;;C/ SANT VICENT MARTIR, 219;09;091;1;1377;Instalado;"{""coordinates"": [-0.383869419712076, 39.45573866337218], ""type"": ""Point""}";39.45573866337218, -0.383869419712076
VIA PUBLICA;;C/ SANT VICENT MARTIR - AV DOCTOR TOMÀS SALA;09;094;1;1378;Instalado;"{""coordinates"": [-0.38686169579470253, 39.446865696487116], ""type"": ""Point""}";39.446865696487116, -0.38686169579470253
VIA PUBLICA;;C/ MALILLA - C/ BERNAT DESCOLL;10;103;1;1390;Instalado;"{""coordinates"": [-0.3789885406740058, 39.45085565994616], ""type"": ""Point""}";39.45085565994616, -0.3789885406740058
VIA PUBLICA;;CRA FONTETA DE SANT LLUÍS - C/ PUIGCAMPANA;10;102;1;1392;Instalado;"{""coordinates"": [-0.37132954283162645, 39.455011403115265], ""type"": ""Point""}";39.455011403115265, -0.37132954283162645
VIA PUBLICA;;C/ JOAQUIM NAVARRO - C/ GABRIEL Y GALÁN;09;092;1;1394;Instalado;"{""coordinates"": [-0.3874506364636714, 39.452979481982055], ""type"": ""Point""}";39.452979481982055, -0.3874506364636714
VIA PUBLICA;;C/ MÚSIC AYLLÓN, 3 - C/ ARXIDUC CARLES;07;073;1;1398;Instalado;"{""coordinates"": [-0.39507234520054196, 39.46520344645793], ""type"": ""Point""}";39.46520344645793, -0.39507234520054196
VIA PUBLICA;;AV PLATA - C/ HORT DE SANT VALERI;10;105;1;1399;Instalado;"{""coordinates"": [-0.3602234156234742, 39.45782288040467], ""type"": ""Point""}";39.45782288040467, -0.3602234156234742
VIA PUBLICA;;C/ LLOMBAI (HEMEROTECA);07;073;1;1400;Instalado;"{""coordinates"": [-0.4018617775149631, 39.46499609597898], ""type"": ""Point""}";39.46499609597898, -0.4018617775149631
VIA PUBLICA;;C/ ALCÀSSER, 1;07;072;1;1404;Instalado;"{""coordinates"": [-0.4063840903619777, 39.47053538426949], ""type"": ""Point""}";39.47053538426949, -0.4063840903619777
VIA PUBLICA;;AV PIO XII, 3;04;041;1;1406;Instalado;"{""coordinates"": [-0.39202427451957944, 39.47950744127224], ""type"": ""Point""}";39.47950744127224, -0.39202427451957944
VIA PUBLICA;;C/ ALMÀSSERA, FRT 16;09;092;1;1410;Instalado;"{""coordinates"": [-0.39116504666097923, 39.452589958573476], ""type"": ""Point""}";39.452589958573476, -0.39116504666097923
VIA PUBLICA;;C/ OLTÀ - AV AUSIÀS MARCH;10;103;1;1411;Instalado;"{""coordinates"": [-0.3735831992277223, 39.453284473160494], ""type"": ""Point""}";39.453284473160494, -0.3735831992277223
VIA PUBLICA;;AV GASPAR AGUILAR - C/ FORATA;09;092;1;1412;Instalado;"{""coordinates"": [-0.39391727281263456, 39.45098991733751], ""type"": ""Point""}";39.45098991733751, -0.39391727281263456
VIA PUBLICA;;AV ALCALDE GISBERT RICO - C/ ESCRIPTOR RAFAEL FERRERES;10;107;1;1419;Instalado;"{""coordinates"": [-0.3607245587882394, 39.45522245200087], ""type"": ""Point""}";39.45522245200087, -0.3607245587882394
VIA PUBLICA;;AV PLATA, 71;10;101;1;1423;Instalado;"{""coordinates"": [-0.36389470596188794, 39.45658609163334], ""type"": ""Point""}";39.45658609163334, -0.36389470596188794
VIA PUBLICA;;C/ MESTRE MIGUEL GALAN - C/ JOSEP GROLLO;16;161;1;1429;Instalado;"{""coordinates"": [-0.3946399239821775, 39.494629745676924], ""type"": ""Point""}";39.494629745676924, -0.3946399239821775
VIA PUBLICA;;AV GENERAL AVILES, 32;16;161;1;1430;Instalado;"{""coordinates"": [-0.39438992528691363, 39.486669859307106], ""type"": ""Point""}";39.486669859307106, -0.39438992528691363
VIA PUBLICA;;PL ARAS DE LOS OLMOS, 4;11;115;1;1443;Instalado;"{""coordinates"": [-0.3333652588699469, 39.44851313441428], ""type"": ""Point""}";39.44851313441428, -0.3333652588699469
VIA PUBLICA;;C/ VALL DE LA BALLESTERA, 39 - AV MESTRE RODRIGO (MÚSIC);04;041;1;1454;Instalado;"{""coordinates"": [-0.39825311510222466, 39.47893751967591], ""type"": ""Point""}";39.47893751967591, -0.39825311510222466
VIA PUBLICA;;C/ PERE DE VALÈNCIA - C/ SERRADORA;13;131;1;1456;Instalado;"{""coordinates"": [-0.33506721448817683, 39.46843063459345], ""type"": ""Point""}";39.46843063459345, -0.33506721448817683
VIA PUBLICA;;C/ JOSEP SOTO MICO, 43;09;095;1;1463;Instalado;"{""coordinates"": [-0.3887914981629633, 39.44004411641298], ""type"": ""Point""}";39.44004411641298, -0.3887914981629633
VIA PUBLICA;;AV PLATA, 20;10;105;1;1465;Instalado;"{""coordinates"": [-0.3675480385275954, 39.45469216445045], ""type"": ""Point""}";39.45469216445045, -0.3675480385275954
VIA PUBLICA;;C/ ILLES CANÀRIES, 90;12;123;1;1470;Instalado;"{""coordinates"": [-0.3485074621627529, 39.46433113928], ""type"": ""Point""}";39.46433113928, -0.3485074621627529
VIA PUBLICA;;C/ LLEONS - C/ PEPE ALBA;12;121;1;1472;Instalado;"{""coordinates"": [-0.3476279318866863, 39.46787394244478], ""type"": ""Point""}";39.46787394244478, -0.3476279318866863
VIA PUBLICA;;AV PERIS I VALERO - CRA FONTETA DE SANT LLUIS;10;102;1;1473;Instalado;"{""coordinates"": [-0.37149864923359616, 39.45855866452352], ""type"": ""Point""}";39.45855866452352, -0.37149864923359616
VIA PUBLICA;;AV PORT, 46;12;124;1;1474;Instalado;"{""coordinates"": [-0.356092713008118, 39.46683366513381], ""type"": ""Point""}";39.46683366513381, -0.356092713008118
VIA PUBLICA;;C/ DOCTOR NICASI BENLLOCH, 27;16;161;1;1476;Instalado;"{""coordinates"": [-0.3922702167922666, 39.48889954241132], ""type"": ""Point""}";39.48889954241132, -0.3922702167922666
VIA PUBLICA;;AV MENÉNDEZ PIDAL - C/ DEGÀ RAMON ARNAU;04;042;1;1480;Instalado;"{""coordinates"": [-0.38603189037855806, 39.48095157209427], ""type"": ""Point""}";39.48095157209427, -0.38603189037855806
VIA PUBLICA;;CTRA RIU, 300;19;193;1;1481;Instalado;"{""coordinates"": [-0.34068409589220155, 39.422204808846196], ""type"": ""Point""}";39.422204808846196, -0.34068409589220155
VIA PUBLICA;;C/ BISBE JAUME PÉREZ - C/ SALVADOR LLUCH;10;101;1;1483;Instalado;"{""coordinates"": [-0.3664020566878492, 39.459210638061435], ""type"": ""Point""}";39.459210638061435, -0.3664020566878492
VIA PUBLICA;;AV BLASCO IBAÑEZ, 180;11;114;1;1491;Instalado;"{""coordinates"": [-0.3385224507497641, 39.47078876560974], ""type"": ""Point""}";39.47078876560974, -0.3385224507497641
VIA PUBLICA;;C/ SERRADORA - C/ MARIÀ CUBER;11;112;1;1492;Instalado;"{""coordinates"": [-0.3360259662982119, 39.464189884746666], ""type"": ""Point""}";39.464189884746666, -0.3360259662982119
VIA PUBLICA;;AV MALVA-ROSA - AV TARONGERS;11;113;1;1496;Instalado;"{""coordinates"": [-0.32754816837318457, 39.47491215281694], ""type"": ""Point""}";39.47491215281694, -0.32754816837318457
VIA PUBLICA;;C/ XIPRERS (JUNTO BIBLIOTECA MUNICIPAL);18;182;1;1502;Instalado;"{""coordinates"": [-0.4060687021802382, 39.49478264165771], ""type"": ""Point""}";39.49478264165771, -0.4060687021802382
VIA PUBLICA;;CAMI CASES DE BÀRCENA, 66;17;174;1;1503;Instalado;"{""coordinates"": [-0.3586247624662927, 39.52052065160252], ""type"": ""Point""}";39.52052065160252, -0.3586247624662927
VIA PUBLICA;;AV MANUEL DE FALLA - C/  EDUARD SOLER I PEREZ;04;044;1;1506;Instalado;"{""coordinates"": [-0.3993624950225052, 39.47595858838167], ""type"": ""Point""}";39.47595858838167, -0.3993624950225052
VIA PUBLICA;;C/ CAMP DE MORVEDRE - C/ CANAL DE NAVARRÉS;04;044;1;1508;Instalado;"{""coordinates"": [-0.40607398781962223, 39.49028836753453], ""type"": ""Point""}";39.49028836753453, -0.40607398781962223
VIA PUBLICA;;C/ RAMÓN LLULL, 27;13;134;1;1510;Instalado;"{""coordinates"": [-0.34686325311430527, 39.47670767927522], ""type"": ""Point""}";39.47670767927522, -0.34686325311430527
VIA PUBLICA;;C/ BENICARLO - C/ ALFAHUIR;14;141;1;1516;Instalado;"{""coordinates"": [-0.36723861877373065, 39.488418012725774], ""type"": ""Point""}";39.488418012725774, -0.36723861877373065
VIA PUBLICA;;C/ JOAN LLORENS - PL HORTICULTOR CORSET;03;033;1;1517;Instalado;"{""coordinates"": [-0.391509338993696, 39.47353829489314], ""type"": ""Point""}";39.47353829489314, -0.391509338993696
VIA PUBLICA;;C/ NORD, 30;03;033;1;1519;Instalado;"{""coordinates"": [-0.391608803560268, 39.47664168954365], ""type"": ""Point""}";39.47664168954365, -0.391608803560268
VIA PUBLICA;;AV PORTUGAL, 16;05;054;1;1520;Instalado;"{""coordinates"": [-0.37890767981100903, 39.487866380058506], ""type"": ""Point""}";39.487866380058506, -0.37890767981100903
VIA PUBLICA;;C/ QUART - C/ NORD;03;033;1;1524;Instalado;"{""coordinates"": [-0.39043784642107415, 39.47479176574218], ""type"": ""Point""}";39.47479176574218, -0.39043784642107415
VIA PUBLICA;;C/ FOC, 7;16;162;1;1526;Instalado;"{""coordinates"": [-0.39403327808538935, 39.500471822220135], ""type"": ""Point""}";39.500471822220135, -0.39403327808538935
VIA PUBLICA;;AV GERMANS MACHADO - C/ MANUEL MELIÀ I FUSTER (DON PÍO);16;161;1;1527;Instalado;"{""coordinates"": [-0.3883010517909016, 39.49895515142951], ""type"": ""Point""}";39.49895515142951, -0.3883010517909016
VIA PUBLICA;;C/ QUART - PL SANT SEBASTIÀ;03;031;1;1529;Instalado;"{""coordinates"": [-0.3865616801362472, 39.475378042167655], ""type"": ""Point""}";39.475378042167655, -0.3865616801362472
VIA PUBLICA;;C/ MIQUEL NAVARRO (ESCULTOR), 3;04;044;1;1530;Instalado;"{""coordinates"": [-0.4007810003444046, 39.48035158875328], ""type"": ""Point""}";39.48035158875328, -0.4007810003444046
VIA PUBLICA;;C/ POETA SERRANO CLAVERO - C/ FEDERICO ALCACER AGUILAR (DOCTOR EN MEDICINA);16;161;1;1533;Instalado;"{""coordinates"": [-0.3865552709447749, 39.49498229829286], ""type"": ""Point""}";39.49498229829286, -0.3865552709447749
VIA PUBLICA;;C/ ERMITA, FRT 21;03;032;1;1535;Instalado;"{""coordinates"": [-0.3793106641559349, 39.4648510357165], ""type"": ""Point""}";39.4648510357165, -0.3793106641559349
VIA PUBLICA;;C/ GUILLEM DE CASTRO, 59;03;031;1;1551;Instalado;"{""coordinates"": [-0.38364839778185167, 39.47046862129041], ""type"": ""Point""}";39.47046862129041, -0.38364839778185167
VIA PUBLICA;;AV VALLE DE LA BALLESTERA - C/ GRAVADOR ENGUÍDANOS;04;041;1;1554;Instalado;"{""coordinates"": [-0.39662343668032446, 39.479863138120166], ""type"": ""Point""}";39.479863138120166, -0.39662343668032446
VIA PUBLICA;;AV GENERAL AVILÉS, 59;04;041;1;1555;Instalado;"{""coordinates"": [-0.3999947860580666, 39.48398052736726], ""type"": ""Point""}";39.48398052736726, -0.3999947860580666
VIA PUBLICA;;C/ VALL DE LA BALLESTERA, 56;04;044;1;1556;Instalado;"{""coordinates"": [-0.4037755033435182, 39.47864505471205], ""type"": ""Point""}";39.47864505471205, -0.4037755033435182
VIA PUBLICA;;C/ ALMASSORA, 37;05;052;1;1562;Instalado;"{""coordinates"": [-0.37187428958432334, 39.484338894799386], ""type"": ""Point""}";39.484338894799386, -0.37187428958432334
VIA PUBLICA;;C/ CASTELLÓ, 2;02;021;1;1564;Instalado;"{""coordinates"": [-0.3767966713241999, 39.46628925527343], ""type"": ""Point""}";39.46628925527343, -0.3767966713241999
VIA PUBLICA;;C/ CONVENT DELS CARMELITES - C/ ALBORAIA;05;053;1;1568;Instalado;"{""coordinates"": [-0.36980331376724784, 39.483070690244624], ""type"": ""Point""}";39.483070690244624, -0.36980331376724784
VIA PUBLICA;;C/ SALAMANCA, 55;02;023;1;1573;Instalado;"{""coordinates"": [-0.36229317462455984, 39.46352908622209], ""type"": ""Point""}";39.46352908622209, -0.36229317462455984
VIA PUBLICA;;AV GOLA DEL PUJOL, 6;19;194;1;1575;Instalado;"{""coordinates"": [-0.3223197700897032, 39.356616223705814], ""type"": ""Point""}";39.356616223705814, -0.3223197700897032
VIA PUBLICA;;AV NAVARRO REVERTER - PL AMÉRICA;02;022;1;1577;Instalado;"{""coordinates"": [-0.3654675667557085, 39.470466088696526], ""type"": ""Point""}";39.470466088696526, -0.3654675667557085
VIA PUBLICA;;C/ GUADALQUIVIR, FRT 11;19;191;1;1580;Instalado;"{""coordinates"": [-0.37624772402831635, 39.43278004374466], ""type"": ""Point""}";39.43278004374466, -0.37624772402831635
VIA PUBLICA;;AV BURJASSOT, 3;04;042;1;1581;Instalado;"{""coordinates"": [-0.38228384667436194, 39.482886393679], ""type"": ""Point""}";39.482886393679, -0.38228384667436194
VIA PUBLICA;;AV CONSTITUCIÓ - C/ LLEIDA;05;052;1;1583;Instalado;"{""coordinates"": [-0.37877612139973127, 39.483759870087646], ""type"": ""Point""}";39.483759870087646, -0.37877612139973127
VIA PUBLICA;;AV BURJASSOT - C/ DOCTOR MACHÍ;05;051;1;1585;Instalado;"{""coordinates"": [-0.38610610358500197, 39.485813134834366], ""type"": ""Point""}";39.485813134834366, -0.38610610358500197
VIA PUBLICA;;C/ COLÓN - C/ SORNÍ;02;022;1;1586;Instalado;"{""coordinates"": [-0.37009443302048545, 39.470249684699674], ""type"": ""Point""}";39.470249684699674, -0.37009443302048545
VIA PUBLICA;;C/ JOSE MARIA HARO (MAGISTRAT) - C/ SERPIS;13;135;1;1587;Instalado;"{""coordinates"": [-0.3374891409663845, 39.47255160538991], ""type"": ""Point""}";39.47255160538991, -0.3374891409663845
VIA PUBLICA;;C/ PALLETER - C/ CALIXT III;03;033;1;1594;Instalado;"{""coordinates"": [-0.3882217628348042, 39.4719065440252], ""type"": ""Point""}";39.4719065440252, -0.3882217628348042
VIA PUBLICA;;AV MENÉNDEZ Y PELAYO - GASCÓ OLIAG;06;064;1;1598;Instalado;"{""coordinates"": [-0.3576596291844111, 39.47847869162641], ""type"": ""Point""}";39.47847869162641, -0.3576596291844111
VIA PUBLICA;;C/ CAMPOAMOR, 91;13;131;1;1599;Instalado;"{""coordinates"": [-0.3405738103454321, 39.469189175989335], ""type"": ""Point""}";39.469189175989335, -0.3405738103454321
VIA PUBLICA;;C/ PROFESSOR DOCTOR SEVERO OCHOA - C/ MONFORTE;06;061;1;1604;Instalado;"{""coordinates"": [-0.3641477965088149, 39.4770967918165], ""type"": ""Point""}";39.4770967918165, -0.3641477965088149
VIA PUBLICA;;C/ GUILLERMINA MEDRANO (PRIMERA DONA REGIDORA), 13;17;177;1;1627;Instalado;"{""coordinates"": [-0.38838196588856666, 39.51507276003267], ""type"": ""Point""}";39.51507276003267, -0.38838196588856666
03-ASSOCIACIÓ VEÏNS;ASSOCIACIÓ VEÏNS FONT D'EN CORTS;CTRA FONT D'EN CORTS, 105;10;106;1;1643;Instalado;"{""coordinates"": [-0.35822176539429385, 39.445679801583225], ""type"": ""Point""}";39.445679801583225, -0.35822176539429385
VIA PUBLICA;;CAMI MONTCADA, 209;17;172;1;1673;Instalado;"{""coordinates"": [-0.38357793389583783, 39.504118127317675], ""type"": ""Point""}";39.504118127317675, -0.38357793389583783
VIA PUBLICA;;C/ LLOMETES - C/ CALCINERS;17;176;1;1675;Instalado;"{""coordinates"": [-0.4136427444677172, 39.54265263014221], ""type"": ""Point""}";39.54265263014221, -0.4136427444677172
VIA PUBLICA;;C/ RAMIRO DE MAEZTU - C/ HUMANISTA FURIÓ;12;121;1;1677;Instalado;"{""coordinates"": [-0.34542675714488963, 39.46695631575916], ""type"": ""Point""}";39.46695631575916, -0.34542675714488963
02-CM_PERSONES MAJORS;"CM ACTIVITATS PERSONES MAJORS ""CASTELLAR-OLIVERAL""";C/ POETESSA LEONOR PERALES, 1;19;192;1;1328;Instalado;"{""coordinates"": [-0.36312171979591645, 39.42835498603412], ""type"": ""Point""}";39.42835498603412, -0.36312171979591645
VIA PUBLICA;;C/ SANT DONÍS (AL COSTAT DE LA PARET DEL CENTRE EXCURSIONISTA);01;013;1;1336;Instalado;"{""coordinates"": [-0.3807018948645797, 39.47736191174112], ""type"": ""Point""}";39.47736191174112, -0.3807018948645797
02-CM_PERSONES MAJORS;"CM ACTIVITATS PERSONES MAJORS ""BENIFERRI""";C/ FAVANELLA, S/N;18;182;1;1363;Instalado;"{""coordinates"": [-0.40716025322193217, 39.492960400120886], ""type"": ""Point""}";39.492960400120886, -0.40716025322193217
04-CENTRE EDUCATIU;COL·LEGI MUNICIPAL BENIMACLET;C/ ARQUITECTE ARNAU, S/N;14;142;1;1364;Instalado;"{""coordinates"": [-0.3559671813311137, 39.48687042159499], ""type"": ""Point""}";39.48687042159499, -0.3559671813311137
05-CENTRES JUVENILS;CM JUVENTUT ALGIRÓS;C/ CAMPOAMOR, 91;13;131;1;1380;Instalado;"{""coordinates"": [-0.3403568069028557, 39.469250429423724], ""type"": ""Point""}";39.469250429423724, -0.3403568069028557
05-CENTRES JUVENILS;POLIESPORTIU BENIMACLET;C/ DANIEL BALACIART, 8;14;141;1;1381;Instalado;"{""coordinates"": [-0.35478855122738806, 39.48093886474272], ""type"": ""Point""}";39.48093886474272, -0.35478855122738806
07-ALCALDIA DE BARRI;PEDANIA CARPESA;PL VICENTE GIL ROS (MEDALLISTA PARALIMPIC), 1;17;173;1;1383;Instalado;"{""coordinates"": [-0.37961107410594713, 39.51683853530108], ""type"": ""Point""}";39.51683853530108, -0.37961107410594713
09-UNIVERSITAT POPULAR;UP ALGIRÓS;C/ MÚSIC GINÉS, 21;13;132;1;1441;Instalado;"{""coordinates"": [-0.3433210071242905, 39.47065248220579], ""type"": ""Point""}";39.47065248220579, -0.3433210071242905
04-CENTRE EDUCATIU;ESCUELAS SAN JOSÉ-JESUITAS;AV CORTS VALENCIANES 1;4;041;1;1451;Instalado;"{""coordinates"": [-0.3974687920139127, 39.486880824869445], ""type"": ""Point""}";39.486880824869445, -0.3974687920139127
01-MERCAT;MERCAT TORREFIEL;C/ SANT DOMENEC SAVIO;15;152;1;1545;Instalado;"{""coordinates"": [-0.3757708763088721, 39.49751156709636], ""type"": ""Point""}";39.49751156709636, -0.3757708763088721
01-MERCAT;MERCAT BENIMAMET;PL ALBORAIG;18;181;1;1547;Instalado;"{""coordinates"": [-0.41797673760175974, 39.498897259978804], ""type"": ""Point""}";39.498897259978804, -0.41797673760175974
02-CM_PERSONES MAJORS;"CM ACTIVITATS PERSONES MAJORS ""PINEDO""";TRAV PINEDO A LA MAR, 53;19;193;1;1553;Instalado;"{""coordinates"": [-0.3368047266405436, 39.421657744132744], ""type"": ""Point""}";39.421657744132744, -0.3368047266405436
01-MERCAT;MERCAT DEL GRAU;PL MERCAT NOU;11;111;1;1565;Instalado;"{""coordinates"": [-0.3348547446756048, 39.4612658218242], ""type"": ""Point""}";39.4612658218242, -0.3348547446756048
07-ALCALDIA DE BARRI;ALCALDIA EL PERELLONET;AV GAVINES, S/N;19;196;1;1572;Instalado;"{""coordinates"": [-0.288838341436949, 39.29791367934801], ""type"": ""Point""}";39.29791367934801, -0.288838341436949
04-CENTRE EDUCATIU;IES BARRI EL CARME;C/ BENEFICÈNCIA, 20;1;013;1;1574;Instalado;"{""coordinates"": [-0.3818176888953007, 39.479630497789266], ""type"": ""Point""}";39.479630497789266, -0.3818176888953007
01-MERCAT;MERCAT CENTRAL;PL MERCAT, 6;1;015;2;1578;Instalado;"{""coordinates"": [-0.37845796653037966, 39.47375762979897], ""type"": ""Point""}";39.47375762979897, -0.37845796653037966
VIA PUBLICA;;C/ MOLINELL - AV PRIMAT REIG;05;053;1;1588;Instalado;"{""coordinates"": [-0.3644458639137623, 39.484672128885414], ""type"": ""Point""}";39.484672128885414, -0.3644458639137623
VIA PUBLICA;;AV OEST - C/ QUEVEDO;01;016;1;1601;Instalado;"{""coordinates"": [-0.3797894283556741, 39.470393125700525], ""type"": ""Point""}";39.470393125700525, -0.3797894283556741
VIA PUBLICA;;AV GUILLEM DE CASTRO - C/ CORONA (JUNT QUIOSC);01;013;1;1603;Instalado;"{""coordinates"": [-0.3834991044482499, 39.478164703085184], ""type"": ""Point""}";39.478164703085184, -0.3834991044482499
09-UNIVERSITAT POPULAR;UP MORVEDRE;PL RONCESVALLS, 8;5;054;1;1607;Instalado;"{""coordinates"": [-0.37866891433936917, 39.48751032990669], ""type"": ""Point""}";39.48751032990669, -0.37866891433936917
04-CENTRE EDUCATIU;CEIP JOSÉ SOTO MICO;C/ BEETHOVEN, S/N;9;092;1;1617;Instalado;"{""coordinates"": [-0.3900151196451928, 39.450218209783365], ""type"": ""Point""}";39.450218209783365, -0.3900151196451928
02-CM_PERSONES MAJORS;"CM ACTIVITATS PERSONES MAJORS ""GIORGETA-CARMEN GRACIA""";AV GIORGETA, 18;9;091;1;1619;Instalado;"{""coordinates"": [-0.3858615594705692, 39.46037829854154], ""type"": ""Point""}";39.46037829854154, -0.3858615594705692
01-MERCAT;MERCAT DEL CABANYAL;C/ JUST VILAR;11;112;1;1635;Instalado;"{""coordinates"": [-0.3332365554466184, 39.46752947946979], ""type"": ""Point""}";39.46752947946979, -0.3332365554466184
02-CM_PERSONES MAJORS;"CM ACTIVITAS PERSONES MAJORS ""BENICALAPECH""";C/ LOUIS BRAILLE, S/N;16;162;1;1637;Instalado;"{""coordinates"": [-0.3955846239188685, 39.4962114618414], ""type"": ""Point""}";39.4962114618414, -0.3955846239188685
02-CM_PERSONES MAJORS;"CM ACTIVITATS PERSONES MAJORS ""TENDETES""";C/ FALUTX, S/N;4;042;1;1653;Instalado;"{""coordinates"": [-0.3867515101524782, 39.48395184486931], ""type"": ""Point""}";39.48395184486931, -0.3867515101524782
02-CM_PERSONES MAJORS;"CM ACTIVITATS PERSONES MAJORS ""VIVEROS""";PL ÀVILA, 17;5;053;1;1654;Instalado;"{""coordinates"": [-0.3698327174232672, 39.4813469215975], ""type"": ""Point""}";39.4813469215975, -0.3698327174232672
09-UNIVERSITAT POPULAR;UP NOU MOLES;C/ TORRES, 12;7;071;1;1660;Instalado;"{""coordinates"": [-0.3990167599355959, 39.47341885418836], ""type"": ""Point""}";39.47341885418836, -0.3990167599355959
VIA PUBLICA;;PL MARE DE DÉU DEL LEPANT, 18;19;192;1;1287;Instalado;"{""coordinates"": [-0.3635555893743585, 39.429493697566905], ""type"": ""Point""}";39.429493697566905, -0.3635555893743585
VIA PUBLICA;;AV REAL DE MADRID, 135;19;197;1;1507;Instalado;"{""coordinates"": [-0.39359397780820443, 39.4277738501566], ""type"": ""Point""}";39.4277738501566, -0.39359397780820443
VIA PUBLICA;;C/ MASSAMAGRELL, Ft 3;17;171;1;1482;Instalado;"{""coordinates"": [-0.38523583736655176, 39.52858186032081], ""type"": ""Point""}";39.52858186032081, -0.38523583736655176
VIA PUBLICA;;C/ JOSÉ MARÍA MORTES LERMA, 42;08;083;1;1357;Instalado;"{""coordinates"": [-0.4044677002669212, 39.46285243259341], ""type"": ""Point""}";39.46285243259341, -0.4044677002669212
VIA PUBLICA;;AV AUSIÀS MARCH - C/ ANGEL VILLENA;10;105;1;1422;Instalado;"{""coordinates"": [-0.36924660491078637, 39.44810117892426], ""type"": ""Point""}";39.44810117892426, -0.36924660491078637
VIA PUBLICA;;C/ JOAQUIM BALLESTER - C/ TRAINERA;04;042;1;1286;Instalado;"{""coordinates"": [-0.387027385333801, 39.48409393647193], ""type"": ""Point""}";39.48409393647193, -0.387027385333801
VIA PUBLICA;;C/ ALEMANYA, 10;06;063;1;1288;Instalado;"{""coordinates"": [-0.361587006294363, 39.48206848934482], ""type"": ""Point""}";39.48206848934482, -0.361587006294363
VIA PUBLICA;;C/ SANTS JUST I PASTORS - C/ JOSE MARIA HARO (MAGISTRAT);13;131;1;1290;Instalado;"{""coordinates"": [-0.3395872370628377, 39.46730042854359], ""type"": ""Point""}";39.46730042854359, -0.3395872370628377
VIA PUBLICA;;AV CONSTITUCIÓ-C/ ARQUITECTE LUCINI;05;054;1;1291;Instalado;"{""coordinates"": [-0.37561818100326044, 39.48990606809684], ""type"": ""Point""}";39.48990606809684, -0.37561818100326044
VIA PUBLICA;;GV GERMANIES - C/ SUECA;02;021;1;1292;Instalado;"{""coordinates"": [-0.37663159064605506, 39.463464544405504], ""type"": ""Point""}";39.463464544405504, -0.37663159064605506
VIA PUBLICA;;C/ FÈLIX PIZCUETA - C/ CIRIL AMORÓS;02;022;1;1294;Instalado;"{""coordinates"": [-0.3727654126980504, 39.46676449038512], ""type"": ""Point""}";39.46676449038512, -0.3727654126980504
VIA PUBLICA;;AV PERIS I VALERO - C/ CABO JUBI;02;021;1;1296;Instalado;"{""coordinates"": [-0.3705551363908262, 39.45935071112085], ""type"": ""Point""}";39.45935071112085, -0.3705551363908262
VIA PUBLICA;;AV REGNE DE VALÈNCIA, 60;02;021;1;1298;Instalado;"{""coordinates"": [-0.36625263872358327, 39.46326304994676], ""type"": ""Point""}";39.46326304994676, -0.36625263872358327
VIA PUBLICA;;AV FRANÇA - C/ TRAFALGAR;12;125;1;1301;Instalado;"{""coordinates"": [-0.34636201961336033, 39.45881363094735], ""type"": ""Point""}";39.45881363094735, -0.34636201961336033
VIA PUBLICA;;C/ SERPIS, 38;13;132;1;1302;Instalado;"{""coordinates"": [-0.34600069382460663, 39.47515575564037], ""type"": ""Point""}";39.47515575564037, -0.34600069382460663
VIA PUBLICA;;C/ AMISTAT - AV BLASCO IBAÑEZ;13;133;1;1304;Instalado;"{""coordinates"": [-0.3519017200729492, 39.47472814285904], ""type"": ""Point""}";39.47472814285904, -0.3519017200729492
VIA PUBLICA;;PL JESÚS;08;081;1;1305;Instalado;"{""coordinates"": [-0.38840411070461894, 39.45974533231916], ""type"": ""Point""}";39.45974533231916, -0.38840411070461894
VIA PUBLICA;;C/ DOCTOR MANUEL CANDELA - C/ POETA MAS I ROS;13;132;1;1309;Instalado;"{""coordinates"": [-0.34897231816039037, 39.47077602211606], ""type"": ""Point""}";39.47077602211606, -0.34897231816039037
VIA PUBLICA;;AV BURJASSOT, 150;16;161;1;1310;Instalado;"{""coordinates"": [-0.3918382711109035, 39.49078592968639], ""type"": ""Point""}";39.49078592968639, -0.3918382711109035
VIA PUBLICA;;C/ SANT DOMÉNEC SAVIO - C/ LLIBRER ESCLAPÉS;15;152;1;1312;Instalado;"{""coordinates"": [-0.375900074217384, 39.497420446175624], ""type"": ""Point""}";39.497420446175624, -0.375900074217384
VIA PUBLICA;;CAMI MONTCADA - C/ ESCULTOR PIQUER;15;152;1;1313;Instalado;"{""coordinates"": [-0.3787200025715951, 39.4916182260943], ""type"": ""Point""}";39.4916182260943, -0.3787200025715951
VIA PUBLICA;;AV PORT, 261;11;111;1;1316;Instalado;"{""coordinates"": [-0.33578922423143415, 39.46096840155529], ""type"": ""Point""}";39.46096840155529, -0.33578922423143415
VIA PUBLICA;;C/ PEDRO CABANES, F-81;15;152;1;1317;Instalado;"{""coordinates"": [-0.378941367487366, 39.49418009149525], ""type"": ""Point""}";39.49418009149525, -0.378941367487366
VIA PUBLICA;;C/ FONTANARS DELS ALFORINS, 1;08;081;1;1319;Instalado;"{""coordinates"": [-0.39068310852864124, 39.45667190827953], ""type"": ""Point""}";39.45667190827953, -0.39068310852864124
VIA PUBLICA;;CAMI MONTCADA - C/ ALEMANY;15;152;1;1323;Instalado;"{""coordinates"": [-0.3809032749558473, 39.496360561857806], ""type"": ""Point""}";39.496360561857806, -0.3809032749558473
VIA PUBLICA;;C/ FONTANARS DELS ALFORINS - C/ VALL D'UIXÓ;08;084;1;1325;Instalado;"{""coordinates"": [-0.3953862455370233, 39.460944585365205], ""type"": ""Point""}";39.460944585365205, -0.3953862455370233
VIA PUBLICA;;C/ ARXIDUC CARLES - C/ MARE DE DÉU DE LA CABEÇA;08;084;1;1327;Instalado;"{""coordinates"": [-0.39856671017507095, 39.46130969345758], ""type"": ""Point""}";39.46130969345758, -0.39856671017507095
VIA PUBLICA;;C/ ALBORAIA, 62;05;053;1;1340;Instalado;"{""coordinates"": [-0.3684867217659315, 39.48591432678388], ""type"": ""Point""}";39.48591432678388, -0.3684867217659315
VIA PUBLICA;;C/ CONVENT DE SANT FRANCESC, 8;01;016;1;1341;Instalado;"{""coordinates"": [-0.37777314803448786, 39.46858964466286], ""type"": ""Point""}";39.46858964466286, -0.37777314803448786
VIA PUBLICA;;PL ROMA - C/ BURGOS;07;071;1;1346;Instalado;"{""coordinates"": [-0.39873545539689176, 39.47077123304036], ""type"": ""Point""}";39.47077123304036, -0.39873545539689176
VIA PUBLICA;;PL NÀPOLS I SICÍLIA, 5;01;012;1;1348;Instalado;"{""coordinates"": [-0.37287063362021794, 39.47571250950868], ""type"": ""Point""}";39.47571250950868, -0.37287063362021794
VIA PUBLICA;;AV FRANÇA - C/ ALFRED TORAN I OLMOS (ESCULTOR);12;125;1;1350;Instalado;"{""coordinates"": [-0.3508687988280306, 39.45984143832578], ""type"": ""Point""}";39.45984143832578, -0.3508687988280306
VIA PUBLICA;;PL ARTUR PIERA, 4;07;071;1;1353;Instalado;"{""coordinates"": [-0.3949675631147386, 39.470075788985454], ""type"": ""Point""}";39.470075788985454, -0.3949675631147386
VIA PUBLICA;;C/ PIUS XI, 13 - C/ FONTANARS DELS ALFORINS;08;084;1;1354;Instalado;"{""coordinates"": [-0.393021112329799, 39.45913366951507], ""type"": ""Point""}";39.45913366951507, -0.393021112329799
VIA PUBLICA;;C/ JUAN DE GARAY, FRT 46;08;085;1;1358;Instalado;"{""coordinates"": [-0.3947302406262189, 39.4545567872323], ""type"": ""Point""}";39.4545567872323, -0.3947302406262189
VIA PUBLICA;;C/ CARCAIXENT - C/ URUGUAI;09;091;1;1365;Instalado;"{""coordinates"": [-0.387008416106782, 39.45884343916525], ""type"": ""Point""}";39.45884343916525, -0.387008416106782
VIA PUBLICA;;C/ MARIANO DE CAVIA - C/ ARQUITECTE SEGURA DE LAGO;08;082;1;1371;Instalado;"{""coordinates"": [-0.4029105158118519, 39.453275417324434], ""type"": ""Point""}";39.453275417324434, -0.4029105158118519
VIA PUBLICA;;C/ PIUS IX, 29;09;094;1;1373;Instalado;"{""coordinates"": [-0.3930435678108677, 39.44509232064263], ""type"": ""Point""}";39.44509232064263, -0.3930435678108677
VIA PUBLICA;;C/ ARXIDUC CARLES -  C/ PUEBLA DE VALVERDE;08;083;1;1374;Instalado;"{""coordinates"": [-0.40123590930579905, 39.45943308746953], ""type"": ""Point""}";39.45943308746953, -0.40123590930579905
VIA PUBLICA;;C/ SERRADORA - C/ SANTS JUST I PASTOR;12;121;1;1376;Instalado;"{""coordinates"": [-0.33558668976189776, 39.46592425264639], ""type"": ""Point""}";39.46592425264639, -0.33558668976189776
VIA PUBLICA;;C/ CONCA - C/ RAMON DE CASTRO;08;081;1;1379;Instalado;"{""coordinates"": [-0.3891435052347921, 39.46340550599137], ""type"": ""Point""}";39.46340550599137, -0.3891435052347921
VIA PUBLICA;;C/ REUS - AV CONSTITUCIÓ;05;051;1;1384;Instalado;"{""coordinates"": [-0.3784823848704599, 39.48536224108787], ""type"": ""Point""}";39.48536224108787, -0.3784823848704599
VIA PUBLICA;;C/ TRES FORQUES, 124;07;074;1;1395;Instalado;"{""coordinates"": [-0.40773028683781964, 39.46356223856287], ""type"": ""Point""}";39.46356223856287, -0.40773028683781964
VIA PUBLICA;;AV AUSIÀS MARCH - C/ EBENISTA CASELLES;10;105;1;1396;Instalado;"{""coordinates"": [-0.3708722843650569, 39.45044211705346], ""type"": ""Point""}";39.45044211705346, -0.3708722843650569
VIA PUBLICA;;C/ SANT VICENT MÀRTIR - C/ PRIMER DE MAIG;09;093;1;1397;Instalado;"{""coordinates"": [-0.38583349931989497, 39.44852109234511], ""type"": ""Point""}";39.44852109234511, -0.38583349931989497
VIA PUBLICA;;AV CID - C/ SANTA CRUZ DE TENERIFE;07;073;1;1401;Instalado;"{""coordinates"": [-0.3999064581134177, 39.4684145893783], ""type"": ""Point""}";39.4684145893783, -0.3999064581134177
VIA PUBLICA;;AV TRES CREUS, 25;07;073;1;1402;Instalado;"{""coordinates"": [-0.4057557685605996, 39.46744306274831], ""type"": ""Point""}";39.46744306274831, -0.4057557685605996
VIA PUBLICA;;C/ VTE RIOS ENRIQUE (MESTRE ARTESA FONEDOR SEGLE XIX) - C/ HERNÁNDEZ LÁZARO;04;044;1;1405;Instalado;"{""coordinates"": [-0.40332714287048166, 39.477186131225146], ""type"": ""Point""}";39.477186131225146, -0.40332714287048166
VIA PUBLICA;;C/ DEMOCRÀCIA, 28;07;071;1;1413;Instalado;"{""coordinates"": [-0.39896240571960545, 39.47378196710556], ""type"": ""Point""}";39.47378196710556, -0.39896240571960545
VIA PUBLICA;;C/ GENERAL LLORENS, 17;16;161;1;1414;Instalado;"{""coordinates"": [-0.3859219690282019, 39.491270007289714], ""type"": ""Point""}";39.491270007289714, -0.3859219690282019
VIA PUBLICA;;AV JESUS MORANTE BORRÀS, 135;10;106;1;1416;Instalado;"{""coordinates"": [-0.3439185824067831, 39.444871160947244], ""type"": ""Point""}";39.444871160947244, -0.3439185824067831
VIA PUBLICA;;C/ ARQUEBISPE OLAECHEA - C/ SANT MARCEL·LÍ;09;094;1;1421;Instalado;"{""coordinates"": [-0.39121508282951084, 39.44402269362322], ""type"": ""Point""}";39.44402269362322, -0.39121508282951084
VIA PUBLICA;;AV BURJASSOT, 196 acc;16;161;1;1425;Instalado;"{""coordinates"": [-0.39396855384338375, 39.49302222088098], ""type"": ""Point""}";39.49302222088098, -0.39396855384338375
VIA PUBLICA;;CTRA MALILLA, 104;10;103;1;1426;Instalado;"{""coordinates"": [-0.38029163286518214, 39.44637008268404], ""type"": ""Point""}";39.44637008268404, -0.38029163286518214
VIA PUBLICA;;C/ SANTS JUST I PASTORS - C/ INDÚSTRIA;12;121;1;1427;Instalado;"{""coordinates"": [-0.3416483829434455, 39.4677146377265], ""type"": ""Point""}";39.4677146377265, -0.3416483829434455
VIA PUBLICA;;C/ JERONI DE MONTSORIU - C/ JOSÉ AGUILAR;12;121;1;1428;Instalado;"{""coordinates"": [-0.34039709965319614, 39.465277137699296], ""type"": ""Point""}";39.465277137699296, -0.34039709965319614
VIA PUBLICA;;PL LUIS CANO - C/ FELIPE VALLS;18;181;1;1432;Instalado;"{""coordinates"": [-0.41901757633988973, 39.501535912718374], ""type"": ""Point""}";39.501535912718374, -0.41901757633988973
VIA PUBLICA;;C/ IECLA, 22  ( FRONT CENTRO SOCIAL LA AMISTAD);13;133;1;1433;Instalado;"{""coordinates"": [-0.35059525370223604, 39.47256221543045], ""type"": ""Point""}";39.47256221543045, -0.35059525370223604
VIA PUBLICA;;C/ ILLA CABRERA, 52;10;103;1;1464;Instalado;"{""coordinates"": [-0.37725284114554986, 39.448749566794525], ""type"": ""Point""}";39.448749566794525, -0.37725284114554986
VIA PUBLICA;;C/ MARTÍ GRAJALES (PORTA PRINCIPAL MERCAT CABANYAL);11;112;1;1434;Instalado;"{""coordinates"": [-0.33349597801823777, 39.468229431428654], ""type"": ""Point""}";39.468229431428654, -0.33349597801823777
VIA PUBLICA;;PL ENRIC GRANADOS  (ENFRONT MERCADONA);08;081;1;1435;Instalado;"{""coordinates"": [-0.3940896071648611, 39.46172774631153], ""type"": ""Point""}";39.46172774631153, -0.3940896071648611
VIA PUBLICA;;C/ JOAN VERDEGUER - C/ BELLO;11;111;1;1436;Instalado;"{""coordinates"": [-0.33543905085140074, 39.45893602296175], ""type"": ""Point""}";39.45893602296175, -0.33543905085140074
VIA PUBLICA;;C/ MOTILLA DE PALANCAR - C/ DUC DE MANDAS;15;153;1;1439;Instalado;"{""coordinates"": [-0.3671669500076811, 39.49161057539382], ""type"": ""Point""}";39.49161057539382, -0.3671669500076811
VIA PUBLICA;;AV TARONGERS - C/ ARQUEBISBE COMPANY;11;112;1;1440;Instalado;"{""coordinates"": [-0.32992379638329083, 39.475218844162356], ""type"": ""Point""}";39.475218844162356, -0.32992379638329083
VIA PUBLICA;;C/ REIG GENOVÉS, 29 acc;15;151;1;1442;Instalado;"{""coordinates"": [-0.36991581911208216, 39.49171160040038], ""type"": ""Point""}";39.49171160040038, -0.36991581911208216
VIA PUBLICA;;C/ DOCTOR JOSEP JUAN DÒMINE, 19;11;111;1;1444;Instalado;"{""coordinates"": [-0.3305951815342896, 39.462596831326785], ""type"": ""Point""}";39.462596831326785, -0.3305951815342896
VIA PUBLICA;;C/ DOCTOR LLUCH, 58 (CENTRE MPAL POLIVALENT);11;112;1;1446;Instalado;"{""coordinates"": [-0.3283678502977506, 39.46685696167744], ""type"": ""Point""}";39.46685696167744, -0.3283678502977506
VIA PUBLICA;;C/ ALQUERIA CREMADA - C/ ARQUITECTE TOLSA;15;151;1;1447;Instalado;"{""coordinates"": [-0.36819826711838144, 39.4943343506365], ""type"": ""Point""}";39.4943343506365, -0.36819826711838144
VIA PUBLICA;;C/ BEAT JUAN GRANDE, 40;11;113;1;1448;Instalado;"{""coordinates"": [-0.3296657089179313, 39.47967375941188], ""type"": ""Point""}";39.47967375941188, -0.3296657089179313
VIA PUBLICA;;C/ JOAQUIM COSTA - C/ BORRIANA;02;023;1;1449;Instalado;"{""coordinates"": [-0.366588143935242, 39.46507079850616], ""type"": ""Point""}";39.46507079850616, -0.366588143935242
VIA PUBLICA;;AV PORT, 108;12;122;1;1455;Instalado;"{""coordinates"": [-0.3520799421637571, 39.465648916578836], ""type"": ""Point""}";39.465648916578836, -0.3520799421637571
VIA PUBLICA;;AV PERIS I VALERO - AV DOCTOR WAKSMAN;10;102;1;1468;Instalado;"{""coordinates"": [-0.37506366885518244, 39.45654630073587], ""type"": ""Point""}";39.45654630073587, -0.37506366885518244
VIA PUBLICA;;AV INSTITUT OBRER DE VALÈNCIA - C/ MARQUÉS DE LOZOYA;10;107;1;1469;Instalado;"{""coordinates"": [-0.3597019386471674, 39.454784720401435], ""type"": ""Point""}";39.454784720401435, -0.3597019386471674
VIA PUBLICA;;C/ OLTÀ, 50;10;103;1;1477;Instalado;"{""coordinates"": [-0.37540716660865736, 39.45258085012209], ""type"": ""Point""}";39.45258085012209, -0.37540716660865736
VIA PUBLICA;;C/ MORERES - C/ ALQUERIA DEL FAVERO;10;106;1;1488;Instalado;"{""coordinates"": [-0.3382732003519682, 39.45184095903257], ""type"": ""Point""}";39.45184095903257, -0.3382732003519682
VIA PUBLICA;;AV CORTS VALENCIANES - C/ ALT PALANCIA;16;161;1;1489;Instalado;"{""coordinates"": [-0.39963705196446775, 39.491375817717724], ""type"": ""Point""}";39.491375817717724, -0.39963705196446775
VIA PUBLICA;;AV MALVA-ROSA, 136 acc;11;113;1;1493;Instalado;"{""coordinates"": [-0.3277483737245205, 39.483675346941105], ""type"": ""Point""}";39.483675346941105, -0.3277483737245205
VIA PUBLICA;;C/ SANTIAGO CALATRAVA (ARQUITECTE) - C/ ANDILLA;18;181;1;1494;Instalado;"{""coordinates"": [-0.4244800949800404, 39.50270961190497], ""type"": ""Point""}";39.50270961190497, -0.4244800949800404
VIA PUBLICA;;C/ MARÍ BLAS DE LEZO - C/ BENISSODA;11;114;1;1497;Instalado;"{""coordinates"": [-0.33439267659242633, 39.471966645704846], ""type"": ""Point""}";39.471966645704846, -0.33439267659242633
VIA PUBLICA;;AV GAVINES - C/ CABRESTANT;19;196;1;1505;Instalado;"{""coordinates"": [-0.29617041692046125, 39.30664295335424], ""type"": ""Point""}";39.30664295335424, -0.29617041692046125
VIA PUBLICA;;C/ ALBACETE, FRT 15;03;034;1;1513;Instalado;"{""coordinates"": [-0.3836439074392407, 39.46396260816126], ""type"": ""Point""}";39.46396260816126, -0.3836439074392407
VIA PUBLICA;;C/ LOUIS BRAILLE CRUCE C/ CORA RAGA;16;161;1;1514;Instalado;"{""coordinates"": [-0.39516541358412655, 39.496342264805065], ""type"": ""Point""}";39.496342264805065, -0.39516541358412655
VIA PUBLICA;;C/ HISTORIADOR DIAGO - C/ ALZIRA;03;034;1;1515;Instalado;"{""coordinates"": [-0.38502416244521726, 39.46716561767324], ""type"": ""Point""}";39.46716561767324, -0.38502416244521726
VIA PUBLICA;;C/ ASSAGADOR D'ALBORAIA, 1 acc;14;141;1;1522;Instalado;"{""coordinates"": [-0.36075604339576456, 39.48845110920667], ""type"": ""Point""}";39.48845110920667, -0.36075604339576456
VIA PUBLICA;;C/ ALBERIC, 18;03;034;1;1523;Instalado;"{""coordinates"": [-0.3886392622157749, 39.46753810627622], ""type"": ""Point""}";39.46753810627622, -0.3886392622157749
VIA PUBLICA;;C/ GUÀRDIA CIVIL CRUCE C/ RAMON ASENSIO;14;141;1;1528;Instalado;"{""coordinates"": [-0.3583643084540892, 39.48254411991215], ""type"": ""Point""}";39.48254411991215, -0.3583643084540892
VIA PUBLICA;;C/ DOCTOR GRACIA BRUSTENGA, 1 acc;14;141;1;1532;Instalado;"{""coordinates"": [-0.35744790060304, 39.48087148887407], ""type"": ""Point""}";39.48087148887407, -0.35744790060304
VIA PUBLICA;;C/ MATIES PERELLÓ CRUCE C/ MESTRE AGUILAR;02;021;1;1540;Instalado;"{""coordinates"": [-0.36987026357400526, 39.46076418179822], ""type"": ""Point""}";39.46076418179822, -0.36987026357400526
VIA PUBLICA;;C/ SANT VICENT MÀRTIR, 110;03;032;1;1542;Instalado;"{""coordinates"": [-0.38106150952357565, 39.466710626354775], ""type"": ""Point""}";39.466710626354775, -0.38106150952357565
VIA PUBLICA;;AV CARDENAL BENLLOCH - C/ ERNEST FERRER;06;062;1;1552;Instalado;"{""coordinates"": [-0.35442365196912545, 39.471736513495884], ""type"": ""Point""}";39.471736513495884, -0.35442365196912545
VIA PUBLICA;;C/ SANT VICENT MARTIR, 148;03;034;1;1558;Instalado;"{""coordinates"": [-0.3824539952192521, 39.46234608417734], ""type"": ""Point""}";39.46234608417734, -0.3824539952192521
VIA PUBLICA;;AV BLASCO IBÁÑEZ - PL LEGIÓ ESPANYOLA;06;061;1;1559;Instalado;"{""coordinates"": [-0.3657018814876442, 39.47881889449429], ""type"": ""Point""}";39.47881889449429, -0.3657018814876442
VIA PUBLICA;;C/ ALVARO DE BAZAN - C/ JAUME ROIG;06;063;1;1560;Instalado;"{""coordinates"": [-0.36378013450849556, 39.48150102937988], ""type"": ""Point""}";39.48150102937988, -0.36378013450849556
VIA PUBLICA;;PL ÀVILA, 18;05;053;1;1563;Instalado;"{""coordinates"": [-0.36954609842119596, 39.481282691143214], ""type"": ""Point""}";39.481282691143214, -0.36954609842119596
VIA PUBLICA;;C/ CONSOLAT DE MAR, 2;02;021;1;1566;Instalado;"{""coordinates"": [-0.3716792336038964, 39.46296542778644], ""type"": ""Point""}";39.46296542778644, -0.3716792336038964
VIA PUBLICA;;PL MANUEL GRANERO - C/ FILIPINES;02;021;1;1569;Instalado;"{""coordinates"": [-0.37652979344012416, 39.458462924195366], ""type"": ""Point""}";39.458462924195366, -0.37652979344012416
VIA PUBLICA;;C/ SALVADOR SASTRE - GV RAMON Y CAJAL;03;034;1;1570;Instalado;"{""coordinates"": [-0.3805491037412608, 39.46365178781237], ""type"": ""Point""}";39.46365178781237, -0.3805491037412608
VIA PUBLICA;;C/ DANIEL BALACIART - C/ EMILI PANACH I RAMOS;14;141;1;1571;Instalado;"{""coordinates"": [-0.354776004806049, 39.48140848834104], ""type"": ""Point""}";39.48140848834104, -0.354776004806049
VIA PUBLICA;;AV PERIS I VALERO, 183;02;021;1;1579;Instalado;"{""coordinates"": [-0.3639270602984173, 39.462039731858255], ""type"": ""Point""}";39.462039731858255, -0.3639270602984173
VIA PUBLICA;;AV CORTS VALENCIANES - C/ CANAL DE NAVARRÉS;04;044;1;1582;Instalado;"{""coordinates"": [-0.4013986646665201, 39.49232959706389], ""type"": ""Point""}";39.49232959706389, -0.4013986646665201
VIA PUBLICA;;C/ CADIS - C/ PUERTO RICO;02;021;1;1584;Instalado;"{""coordinates"": [-0.3737938680158012, 39.46203535219717], ""type"": ""Point""}";39.46203535219717, -0.3737938680158012
VIA PUBLICA;;C/ BÈLGICA - C/ CARAVACA;06;064;1;1589;Instalado;"{""coordinates"": [-0.3557572579835805, 39.47346664209488], ""type"": ""Point""}";39.47346664209488, -0.3557572579835805
VIA PUBLICA;;C/ ANGEL GUIMERA - C/ PALLETER;03;034;1;1590;Instalado;"{""coordinates"": [-0.386997585125524, 39.47010623484341], ""type"": ""Point""}";39.47010623484341, -0.386997585125524
VIA PUBLICA;;C/ JOSE MARIA HARO (MAGISTRAT) - C/ CAMPOAMOR;13;131;1;1593;Instalado;"{""coordinates"": [-0.3387130718360303, 39.46880796593208], ""type"": ""Point""}";39.46880796593208, -0.3387130718360303
VIA PUBLICA;;C/ AMADEU DE SAVOIA - AV SUÈCIA;06;062;1;1595;Instalado;"{""coordinates"": [-0.3598594903779981, 39.47326233003418], ""type"": ""Point""}";39.47326233003418, -0.3598594903779981
VIA PUBLICA;;AV CATALUNYA - AV BLASCO IBAÑEZ;06;064;1;1600;Instalado;"{""coordinates"": [-0.3559769112872735, 39.47678410532287], ""type"": ""Point""}";39.47678410532287, -0.3559769112872735
VIA PUBLICA;;C/ ÈOL  - C/ HORT DE VEIRAT;06;062;1;1602;Instalado;"{""coordinates"": [-0.35652775940254716, 39.4710914524283], ""type"": ""Point""}";39.4710914524283, -0.35652775940254716
VIA PUBLICA;;AV REAL DE MADRID, 51;19;197;1;1629;Instalado;"{""coordinates"": [-0.3914553754494241, 39.433231316360875], ""type"": ""Point""}";39.433231316360875, -0.3914553754494241
VIA PUBLICA;;SENDA TENDETA - CAMI MAUELLA;17;175;1;1649;Instalado;"{""coordinates"": [-0.33379192148555203, 39.54359505378939], ""type"": ""Point""}";39.54359505378939, -0.33379192148555203
VIA PUBLICA;;C/ EP BARRAQUES DE LLÁCER 3, 4;19;198;1;1651;Instalado;"{""coordinates"": [-0.39771434674153094, 39.433712533334564], ""type"": ""Point""}";39.433712533334564, -0.39771434674153094
VIA PUBLICA;;C/ DOFINS - AV GAVINES, 221;19;196;1;1671;Instalado;"{""coordinates"": [-0.28390538492971745, 39.28864510305704], ""type"": ""Point""}";39.28864510305704, -0.28390538492971745
VIA PUBLICA;;AV BALEARS - C/ TRAFALGAR;12;125;1;1674;Instalado;"{""coordinates"": [-0.3454201849871817, 39.46036551392851], ""type"": ""Point""}";39.46036551392851, -0.3454201849871817
VIA PUBLICA;;AV TRES CREUS, 62 ACC;08;082;1;1676;Instalado;"{""coordinates"": [-0.4018386565002689, 39.456499344352636], ""type"": ""Point""}";39.456499344352636, -0.4018386565002689
VIA PUBLICA;;C/ JUAN BALLESTER (ESCRIPTOR), F-4;17;176;1;1561;Instalado;"{""coordinates"": [-0.40602092835645437, 39.540767265119946], ""type"": ""Point""}";39.540767265119946, -0.40602092835645437
VIA PUBLICA;;C/ COMTE DE LUMIARES - C/ CORONEL MONTESINOS;15;152;1;1672;Instalado;"{""coordinates"": [-0.3726949397019562, 39.49443549469304], ""type"": ""Point""}";39.49443549469304, -0.3726949397019562
VIA PUBLICA;;C/ MARQUÉS DE SANT JOAN, 1 - C/ EDUARDO SOLER Y PEREZ - (CMAPM);04;041;1;1285;Instalado;"{""coordinates"": [-0.39945067868872974, 39.47732560906618], ""type"": ""Point""}";39.47732560906618, -0.39945067868872974
02-CM_PERSONES MAJORS;"CM ACTIVITATS PERSONES MAJORS ""LA TORRE""";C/ BENIDOLEIG, 9;19;197;1;1331;Instalado;"{""coordinates"": [-0.39317166711140966, 39.43450705844619], ""type"": ""Point""}";39.43450705844619, -0.39317166711140966
02-CM_PERSONES MAJORS;UD PENSIONISTES BENIMACLET;C/ UTIEL, 22;14;141;1;1335;Instalado;"{""coordinates"": [-0.35855665954853966, 39.4856797386466], ""type"": ""Point""}";39.4856797386466, -0.35855665954853966
02-CM_PERSONES MAJORS;"CM ACTIVITAS PERSONES MAJORS ""BENIMACLET""";C/ EMILI BARÓ, 87;15;153;1;1360;Instalado;"{""coordinates"": [-0.3585832345887398, 39.49265106969566], ""type"": ""Point""}";39.49265106969566, -0.3585832345887398
02-CM_PERSONES MAJORS;"CM CENTRE DIA MUNICIPAL PER A PERSONES MAJORS DEPENDENTS ""LA PURISIMA""";C/ ASSAGADOR D'ALBORAIA, 20;15;153;1;1361;Instalado;"{""coordinates"": [-0.362819473160609, 39.489434578663975], ""type"": ""Point""}";39.489434578663975, -0.362819473160609
04-CENTRE EDUCATIU;COLEGIO SAGRADO CORAZON;C/ SALAMANCA, 45;2;023;1;1485;Instalado;"{""coordinates"": [-0.36310511001195234, 39.46481306502519], ""type"": ""Point""}";39.46481306502519, -0.36310511001195234
01-MERCAT;MERCAT DE RUSSAFA;Entrada per PL BARÓ DE CORTES;2;021;1;1487;Instalado;"{""coordinates"": [-0.37165924182715004, 39.46186460925452], ""type"": ""Point""}";39.46186460925452, -0.37165924182715004
02-CM_PERSONES MAJORS;"CM ACTIVITATS PERSONES MAJORS ""FORN D'ALCEDO""";C/ RIU CABRIOL, 2 Baix;19;191;1;1538;Instalado;"{""coordinates"": [-0.37492592531276875, 39.432683873268374], ""type"": ""Point""}";39.432683873268374, -0.37492592531276875
02-CM_PERSONES MAJORS;"CM ACTIVITATS PERSONES MAJORS ""RUSSAFA""";C/ CUBA, 63;2;021;1;1548;Instalado;"{""coordinates"": [-0.3750283944096615, 39.45927560875788], ""type"": ""Point""}";39.45927560875788, -0.3750283944096615
08-VARIS;NATURIA - CENTRE DE MEDI AMBIENT URBÀ DE L'AJUNTAMENT DE VALÈNCIA;Jardins del Túria - entre PG PETXINA i AV MANUEL DE FALLA;4;041;1;1606;Instalado;"{""coordinates"": [-0.3977421311376304, 39.47524531626363], ""type"": ""Point""}";39.47524531626363, -0.3977421311376304
04-CENTRE EDUCATIU;IES BENLLIURE;C/ CONVENT DELS CARMELITES, 13;5;053;1;1608;Instalado;"{""coordinates"": [-0.369807525966548, 39.483140385560844], ""type"": ""Point""}";39.483140385560844, -0.369807525966548
02-CM_PERSONES MAJORS;"CM ACTIVITATS PERSONES MAJORS ""NOU MOLES""";C/ BURGOS, S/N;7;071;1;1612;Instalado;"{""coordinates"": [-0.39906318290102577, 39.4701102123832], ""type"": ""Point""}";39.4701102123832, -0.39906318290102577
01-MERCAT;MERCAT DE CASTILLA;C/ JOSEP MAESTRE, 13;7;073;1;1613;Instalado;"{""coordinates"": [-0.4033580601893508, 39.46543877009847], ""type"": ""Point""}";39.46543877009847, -0.4033580601893508
02-CM_PERSONES MAJORS;"CM ACTIVITATS PERSONES MAJORS ""PATRAIX""";C/ SALABERT, 13ac;8;081;1;1614;Instalado;"{""coordinates"": [-0.3942959387452805, 39.46285526673407], ""type"": ""Point""}";39.46285526673407, -0.3942959387452805
02-CM_PERSONES MAJORS;"CM ACTIVITATS PERSONES MAJORS ""SANT MARCEL·LÍ""";C/ SALVADOR PERLES, 12;9;094;1;1620;Instalado;"{""coordinates"": [-0.389796227110492, 39.44271669173513], ""type"": ""Point""}";39.44271669173513, -0.389796227110492
04-CENTRE EDUCATIU;EI 1er CICLE MUNICIPAL GENERAL URRUTIA;C/ RICARDO MUÑOZ SUAY (CINEASTA), S/N;10;107;1;1623;Instalado;"{""coordinates"": [-0.35883945960066876, 39.45254521109653], ""type"": ""Point""}";39.45254521109653, -0.35883945960066876
04-CENTRE EDUCATIU;CEIP L'AMISTAT;C/ SÉNECA, 13;13;133;1;1624;Instalado;"{""coordinates"": [-0.35035214295021505, 39.47217872898532], ""type"": ""Point""}";39.47217872898532, -0.35035214295021505
01-MERCAT;MERCAT BENICALAP;C/ MIQUEL SERVET;16;161;1;1634;Instalado;"{""coordinates"": [-0.39417997292459994, 39.48860592343046], ""type"": ""Point""}";39.48860592343046, -0.39417997292459994
02-CM_PERSONES MAJORS;"CM ACTIVITAS PERSONES MAJORS ""TRAFALGAR""";C/ TRAFALGAR, 34;12;123;1;1636;Instalado;"{""coordinates"": [-0.3451252510320386, 39.46142790998163], ""type"": ""Point""}";39.46142790998163, -0.3451252510320386
04-CENTRE EDUCATIU;COLEGIO LA PURISIMA-GRAO;C/ JOSEP AGUIRRE, 33;11;111;1;1638;Instalado;"{""coordinates"": [-0.3340292437170603, 39.46183478074841], ""type"": ""Point""}";39.46183478074841, -0.3340292437170603
02-CM_PERSONES MAJORS;"CM ACTIVITATS PERSONES MAJORS ""FONT DE SANT LLUÍS""";C/ SEVERIANO GOIG, S/N;10;105;1;1644;Instalado;"{""coordinates"": [-0.3634020624766169, 39.454734504869464], ""type"": ""Point""}";39.454734504869464, -0.3634020624766169
02-CM_PERSONES MAJORS;"CM ACTIVITATS PERSONES MAJORS ""NATZARET""";PL ARAS DE LOS OLMOS, 4;11;115;1;1646;Instalado;"{""coordinates"": [-0.3333359892145762, 39.44853537574603], ""type"": ""Point""}";39.44853537574603, -0.3333359892145762
00-DEPENDENCIES MUNICIPALS;CONSERVATORI MUNICIPAL DE MÚSICA JOSE ITURBI;AV BALEARS, 36;12;125;1;1647;Instalado;"{""coordinates"": [-0.3520073459198504, 39.46112152046048], ""type"": ""Point""}";39.46112152046048, -0.3520073459198504
01-MERCAT;MERCAT JERUSALEM;C/ MATEMÀTIC MARZAL;3;032;1;1648;Instalado;"{""coordinates"": [-0.3805401855029309, 39.46663738728998], ""type"": ""Point""}";39.46663738728998, -0.3805401855029309
04-CENTRE EDUCATIU;COLEGIO PUREZA DE MARIA;AV CID, 142;7;072;1;1656;Instalado;"{""coordinates"": [-0.4091831441989463, 39.470237996285604], ""type"": ""Point""}";39.470237996285604, -0.4091831441989463
02-CM_PERSONES MAJORS;"CM ACTIVITATS PERSONES MAJORS ""MARE DE DEU DEL DESEMPARATS""";C/ MÚSIC AYLLÓN, S/N;7;073;1;1657;Instalado;"{""coordinates"": [-0.3968979392254807, 39.465843663515614], ""type"": ""Point""}";39.465843663515614, -0.3968979392254807
02-CM_PERSONES MAJORS;"CM ACTIVITATS PERSONES MAJORS ""LA LLUM""";C/ SANTIAGO DE LÉS, 1;7;075;1;1659;Instalado;"{""coordinates"": [-0.4127212813409663, 39.46778741493406], ""type"": ""Point""}";39.46778741493406, -0.4127212813409663
03-ASSOCIACIÓ VEÏNS;"ASSOCIACIÓ VEÏNS ""PATRAIX""";PL PATRAIX, 13;8;081;1;1661;Instalado;"{""coordinates"": [-0.3924325530631924, 39.46319466365763], ""type"": ""Point""}";39.46319466365763, -0.3924325530631924
06-ECOPARC;ECOPARC FIX VARA DE QUART;CAMI ALQUERIA DE LA MORERA, S/N;8;083;1;1662;Instalado;"{""coordinates"": [-0.4089430249887012, 39.454964765211656], ""type"": ""Point""}";39.454964765211656, -0.4089430249887012
09-UNIVERSITAT POPULAR;UP SANT ISIDRE;C/ JOSÉ ANDREU ALABARTA, 25;8;082;1;1663;Instalado;"{""coordinates"": [-0.40420449524049834, 39.45333684899232], ""type"": ""Point""}";39.45333684899232, -0.40420449524049834
04-CENTRE EDUCATIU;CEIP PROFESSOR RAMIRO JOVER;C/ PIUS IX, S/N;9;095;1;1664;Instalado;"{""coordinates"": [-0.3940106284127958, 39.44316860152606], ""type"": ""Point""}";39.44316860152606, -0.3940106284127958
01-MERCAT;MERCAT VALVANERA;PL SANTIAGO SUÁREZ (SANTI);9;093;1;1666;Instalado;"{""coordinates"": [-0.38754815216013644, 39.452350266346976], ""type"": ""Point""}";39.452350266346976, -0.38754815216013644
07-ALCALDIA DE BARRI;PEDANIA CASES DE BÀRCENA;CAMI CASES DE BÀRCENA,108;17;174;1;1667;Instalado;"{""coordinates"": [-0.3565610774584699, 39.52326005645103], ""type"": ""Point""}";39.52326005645103, -0.3565610774584699
07-ALCALDIA DE BARRI;PEDANIA MASSARROJOS;C/ MOSSÉN BAU, 12 B;17;176;1;1668;Instalado;"{""coordinates"": [-0.40391482269228346, 39.53956306509709], ""type"": ""Point""}";39.53956306509709, -0.40391482269228346
VIA PUBLICA;;AV AMAT GRANELL MESADO (MILITAR), 53 - AV PLATA;10;105;1;1387;Instalado;"{""coordinates"": [-0.36293343055600347, 39.456562396808465], ""type"": ""Point""}";39.456562396808465, -0.36293343055600347
VIA PUBLICA;;C/ SUECA, 70 - C/ CENTELLES;02;021;1;1438;Instalado;"{""coordinates"": [-0.37353712614244267, 39.45893588683772], ""type"": ""Point""}";39.45893588683772, -0.37353712614244267
VIA PUBLICA;;C/ EMILI LLUCH, Frt. 18 - C/ TORRENT;08;083;1;1333;Instalado;"{""coordinates"": [-0.40229517590016567, 39.46185682741779], ""type"": ""Point""}";39.46185682741779, -0.40229517590016567
VIA PUBLICA;;AV GIORGETA, 18;09;091;1;1389;Instalado;"{""coordinates"": [-0.3856760935893502, 39.46046551667991], ""type"": ""Point""}";39.46046551667991, -0.3856760935893502
VIA PUBLICA;;C/ ARQUITECTE MORA - PG ALBEREDA;06;062;1;1289;Instalado;"{""coordinates"": [-0.3632602806931845, 39.472985581333816], ""type"": ""Point""}";39.472985581333816, -0.3632602806931845
VIA PUBLICA;;C/ EXPLORADOR ANDRES, 34;13;132;1;1293;Instalado;"{""coordinates"": [-0.34538384207332035, 39.47164364743369], ""type"": ""Point""}";39.47164364743369, -0.34538384207332035
VIA PUBLICA;;AV OEST - C/ PEU DE LA CREU;01;015;1;1295;Instalado;"{""coordinates"": [-0.37986399025718337, 39.47299411958956], ""type"": ""Point""}";39.47299411958956, -0.37986399025718337
VIA PUBLICA;;C/ MÚSIC GINÉS - C/ POETA MAS I ROS;13;132;1;1299;Instalado;"{""coordinates"": [-0.3437293803698307, 39.46898272026944], ""type"": ""Point""}";39.46898272026944, -0.3437293803698307
VIA PUBLICA;;C/ VICENT LA RODA, 27;11;113;1;1311;Instalado;"{""coordinates"": [-0.3282097717565992, 39.47949632400605], ""type"": ""Point""}";39.47949632400605, -0.3282097717565992
VIA PUBLICA;;AV EQUADOR - C/ SALVADOR TUSSET;16;161;1;1314;Instalado;"{""coordinates"": [-0.3934217099735725, 39.49638759106615], ""type"": ""Point""}";39.49638759106615, -0.3934217099735725
VIA PUBLICA;;C/ CAMPOS CRESPO - C/ CASES BAIXES;08;085;1;1315;Instalado;"{""coordinates"": [-0.3942469798589631, 39.45632005093739], ""type"": ""Point""}";39.45632005093739, -0.3942469798589631
VIA PUBLICA;;AV JOAN XXIII, 17;16;161;1;1320;Instalado;"{""coordinates"": [-0.3829022573732843, 39.49181285502934], ""type"": ""Point""}";39.49181285502934, -0.3829022573732843
VIA PUBLICA;;AV CID, 35 - C/ ÉNGUERA;08;081;1;1321;Instalado;"{""coordinates"": [-0.39502520462424345, 39.46772903088599], ""type"": ""Point""}";39.46772903088599, -0.39502520462424345
VIA PUBLICA;;CAMI MONTCADA, 105;16;161;1;1322;Instalado;"{""coordinates"": [-0.38044424367911417, 39.494702050871545], ""type"": ""Point""}";39.494702050871545, -0.38044424367911417
VIA PUBLICA;;C/ CONCA, 132;08;081;1;1324;Instalado;"{""coordinates"": [-0.39121989759649456, 39.46093913795398], ""type"": ""Point""}";39.46093913795398, -0.39121989759649456
VIA PUBLICA;;C/ RIU BIDASOA, 22;15;152;1;1326;Instalado;"{""coordinates"": [-0.3785610449044959, 39.49797452000744], ""type"": ""Point""}";39.49797452000744, -0.3785610449044959
VIA PUBLICA;;C/ CAMPANERS - C/ BOLÍVIA (JUNT COL·LEGI);08;084;1;1329;Instalado;"{""coordinates"": [-0.39952042371005864, 39.4571628636793], ""type"": ""Point""}";39.4571628636793, -0.39952042371005864
VIA PUBLICA;;AV TRES CREUS - C/ CIUTAT DE CARLET;08;082;1;1337;Instalado;"{""coordinates"": [-0.4015596623691133, 39.45744028035253], ""type"": ""Point""}";39.45744028035253, -0.4015596623691133
VIA PUBLICA;;C/ PINTOR VILAR - C/ ALBORAIA;05;053;1;1338;Instalado;"{""coordinates"": [-0.37110507541242005, 39.48218011093146], ""type"": ""Point""}";39.48218011093146, -0.37110507541242005
VIA PUBLICA;;C/ MAXIMILIA THOUS, 11 acc;05;055;1;1342;Instalado;"{""coordinates"": [-0.3750158831281465, 39.4879247706322], ""type"": ""Point""}";39.4879247706322, -0.3750158831281465
VIA PUBLICA;;C/ SAGUNT, 1;05;052;1;1343;Instalado;"{""coordinates"": [-0.3750343659160552, 39.48181443713769], ""type"": ""Point""}";39.48181443713769, -0.3750343659160552
VIA PUBLICA;;C/ POETA QUEROL - C/ SALVÀ;01;016;1;1345;Instalado;"{""coordinates"": [-0.3741428702397333, 39.47186969205441], ""type"": ""Point""}";39.47186969205441, -0.3741428702397333
VIA PUBLICA;;C/ GUILLEM DESPUIG - C/ ROSA ESTRUCH ESPINÓS (POLÍTICA);07;073;1;1351;Instalado;"{""coordinates"": [-0.39892142943399356, 39.46463623637126], ""type"": ""Point""}";39.46463623637126, -0.39892142943399356
VIA PUBLICA;;C/ BURGOS - C/ PINTOR SOLTZ;07;071;1;1356;Instalado;"{""coordinates"": [-0.39929267046117534, 39.46946925214328], ""type"": ""Point""}";39.46946925214328, -0.39929267046117534
VIA PUBLICA;;C/ JOSÉ ANDREU ALABARTA, 36;08;082;1;1359;Instalado;"{""coordinates"": [-0.4035568890568363, 39.451918597348985], ""type"": ""Point""}";39.451918597348985, -0.4035568890568363
VIA PUBLICA;;CN PICANYA, 23;08;082;1;1366;Instalado;"{""coordinates"": [-0.4043556561886552, 39.45608194118478], ""type"": ""Point""}";39.45608194118478, -0.4043556561886552
VIA PUBLICA;;C/ ARXIDUC CARLES - C/ MUSIC GOMIS;08;084;1;1368;Instalado;"{""coordinates"": [-0.4007900481666045, 39.45940949284493], ""type"": ""Point""}";39.45940949284493, -0.4007900481666045
VIA PUBLICA;;C/ CARTERS - C/ MARQUÉS DE BELLET;09;091;1;1375;Instalado;"{""coordinates"": [-0.3870935347451457, 39.45484910583355], ""type"": ""Point""}";39.45484910583355, -0.3870935347451457
VIA PUBLICA;;C/ BENICARLÓ - C/ DOLORES MARQUÉS;05;053;1;1385;Instalado;"{""coordinates"": [-0.36358437723905873, 39.48544494528212], ""type"": ""Point""}";39.48544494528212, -0.36358437723905873
VIA PUBLICA;;C/ SAGUNT, 32;05;052;1;1386;Instalado;"{""coordinates"": [-0.37497678575655674, 39.48366284974111], ""type"": ""Point""}";39.48366284974111, -0.37497678575655674
VIA PUBLICA;;C/ ALQUERIA DE L'ESTRELLA - C/ REUS;05;051;1;1388;Instalado;"{""coordinates"": [-0.3830811377705892, 39.485602395041944], ""type"": ""Point""}";39.485602395041944, -0.3830811377705892
VIA PUBLICA;;C/ SANT VICENT MARTIR - ARQUEBISBE OLAECHEA;09;094;1;1391;Instalado;"{""coordinates"": [-0.38806165435436246, 39.44305693562433], ""type"": ""Point""}";39.44305693562433, -0.38806165435436246
VIA PUBLICA;;C/ VICENT BLASCO GARCIA - C/ ARCHENA;07;072;1;1393;Instalado;"{""coordinates"": [-0.4098725624867536, 39.47202309966591], ""type"": ""Point""}";39.47202309966591, -0.4098725624867536
VIA PUBLICA;;C/ CARTERS - C/ TOMÀS DE VILLAROYA;09;093;1;1403;Instalado;"{""coordinates"": [-0.38947037522645095, 39.447809882504664], ""type"": ""Point""}";39.447809882504664, -0.38947037522645095
VIA PUBLICA;;AV BURJASSOT - AV CAMPANAR;04;043;1;1407;Instalado;"{""coordinates"": [-0.38936829092701947, 39.48840777001436], ""type"": ""Point""}";39.48840777001436, -0.38936829092701947
VIA PUBLICA;;AV AUSIÀS MARCH - AV PLATA;10;102;1;1408;Instalado;"{""coordinates"": [-0.37237156276044103, 39.45268480700603], ""type"": ""Point""}";39.45268480700603, -0.37237156276044103
VIA PUBLICA;;AV CID - C/ CASA DE LA MISERICORDIA;07;075;1;1409;Instalado;"{""coordinates"": [-0.4100588585737909, 39.469515735743755], ""type"": ""Point""}";39.469515735743755, -0.4100588585737909
VIA PUBLICA;;PL SAINETISTA ARNICHES, 4;07;072;1;1415;Instalado;"{""coordinates"": [-0.4071393243348026, 39.472082244085314], ""type"": ""Point""}";39.472082244085314, -0.4071393243348026
VIA PUBLICA;;AV PORT - C/ DAMA D'ELX;12;123;1;1417;Instalado;"{""coordinates"": [-0.3426739265242944, 39.46284211578808], ""type"": ""Point""}";39.46284211578808, -0.3426739265242944
VIA PUBLICA;;AV PRIMER DE MAIG, 31;09;093;1;1418;Instalado;"{""coordinates"": [-0.3890872363993806, 39.449101347877445], ""type"": ""Point""}";39.449101347877445, -0.3890872363993806
VIA PUBLICA;;C/ JOSE GROLLO - AV DOCTOR PESET ALEIXANDRE;16;161;1;1420;Instalado;"{""coordinates"": [-0.3880268052235917, 39.48908051847934], ""type"": ""Point""}";39.48908051847934, -0.3880268052235917
VIA PUBLICA;;PL SANT FELIP NERI - C/ ACTOR LLORENS;12;121;1;1424;Instalado;"{""coordinates"": [-0.3539244555898292, 39.469606923134556], ""type"": ""Point""}";39.469606923134556, -0.3539244555898292
VIA PUBLICA;;PL ESGLÉSIA DELS ÀNGELS;11;112;1;1431;Instalado;"{""coordinates"": [-0.33173580575471495, 39.47235052476287], ""type"": ""Point""}";39.47235052476287, -0.33173580575471495
VIA PUBLICA;;C/ PARE URBANO - PL PROFESSOR TIERNO GALVÁN;05;055;1;1437;Instalado;"{""coordinates"": [-0.3713865493348119, 39.48876395027358], ""type"": ""Point""}";39.48876395027358, -0.3713865493348119
VIA PUBLICA;;C/ SANTIAGO RUSIÑOL - C/ ARQUITECTE RODRÍGUEZ;15;153;1;1445;Instalado;"{""coordinates"": [-0.36696425276406186, 39.495832688524914], ""type"": ""Point""}";39.495832688524914, -0.36696425276406186
VIA PUBLICA;;C/ PEDRO CABANES - PL SALVADOR ALLENDE;15;152;1;1450;Instalado;"{""coordinates"": [-0.37449547312190234, 39.495055188146786], ""type"": ""Point""}";39.495055188146786, -0.37449547312190234
VIA PUBLICA;;AV PORT - C/ ACTOR LLORENS;12;122;1;1458;Instalado;"{""coordinates"": [-0.35553463987924533, 39.46683148231009], ""type"": ""Point""}";39.46683148231009, -0.35553463987924533
VIA PUBLICA;;CRA ESCRIVA, 1;09;091;1;1459;Instalado;"{""coordinates"": [-0.3838976426794711, 39.45784110330776], ""type"": ""Point""}";39.45784110330776, -0.3838976426794711
VIA PUBLICA;;C/ RIU ESCALONA - C/ ASTÚRIES;12;125;1;1460;Instalado;"{""coordinates"": [-0.35383134296899194, 39.46428530996193], ""type"": ""Point""}";39.46428530996193, -0.35383134296899194
VIA PUBLICA;;AV VALLADOLID, 4;15;153;1;1461;Instalado;"{""coordinates"": [-0.36278339801876697, 39.489655065356345], ""type"": ""Point""}";39.489655065356345, -0.36278339801876697
VIA PUBLICA;;C/ ARQUITECTO TOLSÀ - C/ ALFAHUIR;15;153;1;1462;Instalado;"{""coordinates"": [-0.3640018097747582, 39.49096385400073], ""type"": ""Point""}";39.49096385400073, -0.3640018097747582
VIA PUBLICA;;C/ POETA SERRANO CLAVER - C/ AGULLENT;16;161;1;1466;Instalado;"{""coordinates"": [-0.38940796472720146, 39.491882197069806], ""type"": ""Point""}";39.491882197069806, -0.38940796472720146
VIA PUBLICA;;C/ ILLA CABRERA - C/ JUAN RAMON JIMÉNEZ;10;103;1;1467;Instalado;"{""coordinates"": [-0.3721995366851153, 39.44946992196539], ""type"": ""Point""}";39.44946992196539, -0.3721995366851153
VIA PUBLICA;;C/ ALCALDE REIG - PL MONTOLIVET;10;101;1;1471;Instalado;"{""coordinates"": [-0.35889177458428967, 39.459585545191665], ""type"": ""Point""}";39.459585545191665, -0.35889177458428967
VIA PUBLICA;;C/ GRAVADOR JORDAN - PL ESCULTOR PASTOR;10;104;1;1475;Instalado;"{""coordinates"": [-0.3677300173098631, 39.44399473414338], ""type"": ""Point""}";39.44399473414338, -0.3677300173098631
VIA PUBLICA;;C/ MONESTIR DE POBLET, 34 acc;16;161;1;1478;Instalado;"{""coordinates"": [-0.3948450848886568, 39.4849205696999], ""type"": ""Point""}";39.4849205696999, -0.3948450848886568
VIA PUBLICA;;C/ VICENTE TORMO ALFONSO (CARDIOLEG) - C/ MESTRE RODRIGO (MÚSIC);04;044;1;1479;Instalado;"{""coordinates"": [-0.40369332148354514, 39.48622627577099], ""type"": ""Point""}";39.48622627577099, -0.40369332148354514
VIA PUBLICA;;C/ DOCTOR NICASI BENLLOCH, 64;16;161;1;1486;Instalado;"{""coordinates"": [-0.3952639084846262, 39.49055103130137], ""type"": ""Point""}";39.49055103130137, -0.3952639084846262
VIA PUBLICA;;PL MÚSIC ESPÍ;15;152;1;1490;Instalado;"{""coordinates"": [-0.37456929343771556, 39.49721253785513], ""type"": ""Point""}";39.49721253785513, -0.37456929343771556
VIA PUBLICA;;C/ REINA, 22;11;112;1;1499;Instalado;"{""coordinates"": [-0.3292155723786393, 39.46453245876792], ""type"": ""Point""}";39.46453245876792, -0.3292155723786393
VIA PUBLICA;;C/ FUSTERS - C/ SILLA;18;181;1;1501;Instalado;"{""coordinates"": [-0.41978397092103065, 39.49814938866013], ""type"": ""Point""}";39.49814938866013, -0.41978397092103065
VIA PUBLICA;;AV PINARS, 26;19;194;1;1504;Instalado;"{""coordinates"": [-0.33246501796991285, 39.382169819821186], ""type"": ""Point""}";39.382169819821186, -0.33246501796991285
VIA PUBLICA;;C/ ERMITA DE SANT ROC, 1;17;173;1;1509;Instalado;"{""coordinates"": [-0.3779186593059618, 39.517407460497], ""type"": ""Point""}";39.517407460497, -0.3779186593059618
VIA PUBLICA;;C/ MISTRAL CRUCE C/ GRESES;14;141;1;1511;Instalado;"{""coordinates"": [-0.35732293062221515, 39.48790195265977], ""type"": ""Point""}";39.48790195265977, -0.35732293062221515
VIA PUBLICA;;C/ MESTRE SOSA - C/ JESÚS;03;034;1;1512;Instalado;"{""coordinates"": [-0.38637516722193455, 39.462620498331766], ""type"": ""Point""}";39.462620498331766, -0.38637516722193455
VIA PUBLICA;;C/ MÚSIC HIPÒLIT MARTINEZ - C/ REAL DE GANDIA;14;141;1;1518;Instalado;"{""coordinates"": [-0.3547478981265323, 39.48461316947704], ""type"": ""Point""}";39.48461316947704, -0.3547478981265323
VIA PUBLICA;;C/ MESTRE SOSA - C/ SANT VICENT MÀRTIR;03;034;1;1521;Instalado;"{""coordinates"": [-0.3831895426353576, 39.46040709628389], ""type"": ""Point""}";39.46040709628389, -0.3831895426353576
VIA PUBLICA;;C/ CALIXT III - C/ MARTÍ L'HUMÀ;03;033;1;1525;Instalado;"{""coordinates"": [-0.39062296113731443, 39.470428209782106], ""type"": ""Point""}";39.470428209782106, -0.39062296113731443
VIA PUBLICA;;C/ TERRATEIG, 1 - C/ JORGE COMÍN (METGE PEDIATRE);04;044;1;1531;Instalado;"{""coordinates"": [-0.4036224119835949, 39.480688189440414], ""type"": ""Point""}";39.480688189440414, -0.4036224119835949
VIA PUBLICA;;C/ POETA RICARD SANMARTÍ-C/ MASQUEFA (IMPARELLS);14;142;1;1534;Instalado;"{""coordinates"": [-0.35881021394877893, 39.49033442494632], ""type"": ""Point""}";39.49033442494632, -0.35881021394877893
VIA PUBLICA;;C/ DOCTOR VICENT ZARAGOZÀ, 46;14;141;1;1536;Instalado;"{""coordinates"": [-0.3598504973126828, 39.483991035653546], ""type"": ""Point""}";39.483991035653546, -0.3598504973126828
VIA PUBLICA;;C/ JORGE JUAN, 19;02;022;1;1537;Instalado;"{""coordinates"": [-0.36897772040251403, 39.468969724859335], ""type"": ""Point""}";39.468969724859335, -0.36897772040251403
VIA PUBLICA;;PL NELSON MANDELA;14;141;1;1539;Instalado;"{""coordinates"": [-0.3559884293854047, 39.47918719539137], ""type"": ""Point""}";39.47918719539137, -0.3559884293854047
VIA PUBLICA;;C/ MESTRE GOZALBO, 12;02;023;1;1543;Instalado;"{""coordinates"": [-0.3696969380980389, 39.46572155475456], ""type"": ""Point""}";39.46572155475456, -0.3696969380980389
VIA PUBLICA;;PL ROJAS CLEMENTE;03;031;1;1546;Instalado;"{""coordinates"": [-0.385126126376665, 39.473108525486396], ""type"": ""Point""}";39.473108525486396, -0.385126126376665
VIA PUBLICA;;C/ MISSER MASCÓ CRUCE C/ NATURALISTA ARÉVALO BACA;06;061;1;1549;Instalado;"{""coordinates"": [-0.3618720915834155, 39.475171599912336], ""type"": ""Point""}";39.475171599912336, -0.3618720915834155
VIA PUBLICA;;AV REGNE DE VALÈNCIA - C/ SANT VALERI;02;021;1;1576;Instalado;"{""coordinates"": [-0.37203828494214797, 39.46452534553879], ""type"": ""Point""}";39.46452534553879, -0.37203828494214797
VIA PUBLICA;;C/ LITERATO GABRIEL MIRÓ - GV FERNANDO EL CATOLICO;03;033;1;1591;Instalado;"{""coordinates"": [-0.38744388338954, 39.473180946582595], ""type"": ""Point""}";39.473180946582595, -0.38744388338954
VIA PUBLICA;;PG PETXINA - AV PÉREZ GALDÓS;03;033;1;1592;Instalado;"{""coordinates"": [-0.3955954119645479, 39.475085738081276], ""type"": ""Point""}";39.475085738081276, -0.3955954119645479
VIA PUBLICA;;PL SARAGOSSA;06;062;1;1596;Instalado;"{""coordinates"": [-0.36006003867489983, 39.46885163310744], ""type"": ""Point""}";39.46885163310744, -0.36006003867489983
VIA PUBLICA;;C/ SANT PANCRAÇ  -C/ HORTICULTOR BOSCH;05;051;1;1597;Instalado;"{""coordinates"": [-0.3856126449832082, 39.48803525838107], ""type"": ""Point""}";39.48803525838107, -0.3856126449832082
VIA PUBLICA;;AV BLASCO IBAÑEZ, 154;13;132;1;1605;Instalado;"{""coordinates"": [-0.3431012393738594, 39.472108446334616], ""type"": ""Point""}";39.472108446334616, -0.3431012393738594
VIA PUBLICA;;CAMI TRILLADORA DEL TOCAIO - C/ SANTÍSSIM CRIST DE LA SALUT;19;195;1;1628;Instalado;"{""coordinates"": [-0.31827474373691195, 39.31179022537853], ""type"": ""Point""}";39.31179022537853, -0.31827474373691195
VIA PUBLICA;;C/ MONESTIR DE POBLET, 4;04;043;1;1630;Instalado;"{""coordinates"": [-0.3917993101103331, 39.486272382500964], ""type"": ""Point""}";39.486272382500964, -0.3917993101103331
VIA PUBLICA;;AV GENERAL AVILES - C/ LUIS BUÑUEL (DIRECTOR DE CINE);04;044;1;1631;Instalado;"{""coordinates"": [-0.403359932339138, 39.48247965540721], ""type"": ""Point""}";39.48247965540721, -0.403359932339138
VIA PUBLICA;;AV CAMPANAR, 37;04;041;1;1632;Instalado;"{""coordinates"": [-0.39361808668513115, 39.47971925930569], ""type"": ""Point""}";39.47971925930569, -0.39361808668513115
VIA PUBLICA;;C/ SANTIAGO DE LÉS, 12;07;075;1;1641;Instalado;"{""coordinates"": [-0.4140647897565449, 39.46792355524294], ""type"": ""Point""}";39.46792355524294, -0.4140647897565449
VIA PUBLICA;;C/ ESCOTILLA - C/ PAL;19;196;1;1650;Instalado;"{""coordinates"": [-0.27769052929492233, 39.28019258683275], ""type"": ""Point""}";39.28019258683275, -0.27769052929492233
VIA PUBLICA;;PL PATRAIX, FRT 17;8;81;1;1670;Instalado;"{""coordinates"": [-0.39187358753291124, 39.46285076713753], ""type"": ""Point""}";39.46285076713753, -0.39187358753291124
04-CENTRE EDUCATIU;CEIP BENIMAMET;C/ RAFAEL TENES ESCRICH, 56;18;181;1;1284;Instalado;"{""coordinates"": [-0.4131291723738624, 39.50050172218232], ""type"": ""Point""}";39.50050172218232, -0.4131291723738624
07-ALCALDIA DE BARRI;ALCALDIA EL FORN D'ALCEDO;C/ GUADALQUIVIR, 15;19;191;1;1332;Instalado;"{""coordinates"": [-0.37613390739669833, 39.43259613113737], ""type"": ""Point""}";39.43259613113737, -0.37613390739669833
02-CM_PERSONES MAJORS;"CM ACTIVITATS PERSONES MAJORS ""BENIMAMET""";PL LUIS CANO, 2ac;18;181;1;1362;Instalado;"{""coordinates"": [-0.4180495394189374, 39.501604036523844], ""type"": ""Point""}";39.501604036523844, -0.4180495394189374
07-ALCALDIA DE BARRI;PEDANIA POBLE NOU;CAMI MONCADA, 205;17;172;1;1382;Instalado;"{""coordinates"": [-0.3840349331139049, 39.5042458569491], ""type"": ""Point""}";39.5042458569491, -0.3840349331139049
05-CENTRES JUVENILS;CM JUVENTUT CAMPANAR;C/ VALL DE LA BALLESTERA, 66;4;044;1;1452;Instalado;"{""coordinates"": [-0.4061498803864604, 39.47891670388609], ""type"": ""Point""}";39.47891670388609, -0.4061498803864604
02-CM_PERSONES MAJORS;"CM ACTIVITATS PERSONES MAJORS ""EL CALVARI""";AV GENERAL AVILÉS, 19;4;043;1;1453;Instalado;"{""coordinates"": [-0.3927993965757745, 39.48700952293332], ""type"": ""Point""}";39.48700952293332, -0.3927993965757745
04-CENTRE EDUCATIU;IES LLUÍS VIVES;C/ SANT PAU, 4 (punt ubicat en AV MARQUS DE SOTELO, 9 );1;016;1;1484;Instalado;"{""coordinates"": [-0.3772980467911945, 39.46808530153522], ""type"": ""Point""}";39.46808530153522, -0.3772980467911945
02-CM_PERSONES MAJORS;"CM ACTIVITATS PERSONES MAJORS ""ARRANCAPINS""";C/ HISTORIADOR DIAGO, 6-8;3;034;1;1495;Instalado;"{""coordinates"": [-0.38378188262656665, 39.46756431890583], ""type"": ""Point""}";39.46756431890583, -0.38378188262656665
01-MERCAT;MERCAT ROJAS CLEMENT;C/ BOTÀNIC;3;031;1;1498;Instalado;"{""coordinates"": [-0.3852585188864441, 39.47299307196004], ""type"": ""Point""}";39.47299307196004, -0.3852585188864441
04-CENTRE EDUCATIU;COL·LEGI JESÚS-MARÍA;GV FERRAN EL CATÒLIC, 37;3;033;1;1500;Instalado;"{""coordinates"": [-0.3871187806300474, 39.47264012036855], ""type"": ""Point""}";39.47264012036855, -0.3871187806300474
00-DEPENDENCIES MUNICIPALS;AJUNTAMENT DE VALÈNCIA-TABAQUERA (Entrada Principal);C/ AMADEU DE SAVOIA, 11;6;061;1;1541;Instalado;"{""coordinates"": [-0.3611717379539136, 39.47364910567398], ""type"": ""Point""}";39.47364910567398, -0.3611717379539136
01-MERCAT;MERCAT ALGIRÓS;PL SANT FELIP NERI;12;122;1;1544;Instalado;"{""coordinates"": [-0.35347936718283945, 39.470008546884294], ""type"": ""Point""}";39.470008546884294, -0.35347936718283945
02-CM_PERSONES MAJORS;"CM ACTIVITAS PERSONES MAJORS ""ORRIOLS""";C/ SANT JOAN DE LA PENYA, 3;15;151;1;1550;Instalado;"{""coordinates"": [-0.37057418849296314, 39.496228427864544], ""type"": ""Point""}";39.496228427864544, -0.37057418849296314
07-ALCALDIA DE BARRI;ALCALDIA PINEDO;CTRA RIU, 263;19;193;1;1557;Instalado;"{""coordinates"": [-0.34080648073880926, 39.424360439881625], ""type"": ""Point""}";39.424360439881625, -0.34080648073880926
07-ALCALDIA DE BARRI;ALCALDIA EL PALMAR;C/ CAUDETE, 15;19;195;1;1567;Instalado;"{""coordinates"": [-0.3176533724198616, 39.30938519493066], ""type"": ""Point""}";39.30938519493066, -0.3176533724198616
08-VARIS;ORGANISME AUTÒNOM MUNICIPAL PARCS I JARDINS;C/ ANTONI SUÁREZ, 7;6;062;1;1609;Instalado;"{""coordinates"": [-0.3579192322149416, 39.468642477269476], ""type"": ""Point""}";39.468642477269476, -0.3579192322149416
03-ASSOCIACIÓ VEÏNS;"ASSOCIACIÓ VEÏNS ""ARNICHES""";CV XIRIVELLA, 1;7;072;1;1610;Instalado;"{""coordinates"": [-0.40841802232151014, 39.47269409722403], ""type"": ""Point""}";39.47269409722403, -0.40841802232151014
04-CENTRE EDUCATIU;CEIP DOCTOR LOPEZ ROSAT;C/ VICENT MAROTO, 1;7;073;1;1611;Instalado;"{""coordinates"": [-0.3959491269210414, 39.464846489713594], ""type"": ""Point""}";39.464846489713594, -0.3959491269210414
02-CM_PERSONES MAJORS;"CM ACTIVITATS PERSONES MAJORS ""SANT ISIDRE""";C/ JOSÉ ANDREU ALABARTA, S/N;8;082;1;1615;Instalado;"{""coordinates"": [-0.4050607958320004, 39.453139532673354], ""type"": ""Point""}";39.453139532673354, -0.4050607958320004
02-CM_PERSONES MAJORS;CENTRE OCUPACIONAL MUNICIPAL JUAN DE GARAY;C/ JUAN DE GARAY, 52;8;085;1;1616;Instalado;"{""coordinates"": [-0.3955250754485093, 39.45501363475818], ""type"": ""Point""}";39.45501363475818, -0.3955250754485093
04-CENTRE EDUCATIU;CIPFP CIUTAT DE L´APRENENT;C/ CIUTAT DE L'APRENENT, 4;9;095;1;1618;Instalado;"{""coordinates"": [-0.390554741608402, 39.440139119334894], ""type"": ""Point""}";39.440139119334894, -0.390554741608402
02-CM_PERSONES MAJORS;"CM ACTIVITATS PERSONES MAJORS ""MALILLA""";C/ JUAN RAMON JIMÉNEZ, 18;10;103;1;1621;Instalado;"{""coordinates"": [-0.3764464359533808, 39.45497388466856], ""type"": ""Point""}";39.45497388466856, -0.3764464359533808
04-CENTRE EDUCATIU;CEIP LA FONTETA;C/ MOSSÉN PALANCA, 27;10;104;1;1622;Instalado;"{""coordinates"": [-0.3655213161320903, 39.44452202639347], ""type"": ""Point""}";39.44452202639347, -0.3655213161320903
05-CENTRES JUVENILS;POLIESPORTIU ASTÚRIES;C/ ASTÚRIES, Jt 22;12;125;1;1625;Instalado;"{""coordinates"": [-0.35588278765334913, 39.465032542190976], ""type"": ""Point""}";39.465032542190976, -0.35588278765334913
00-DEPENDENCIES MUNICIPALS;ESCOLA MUNICIPAL DE PILOTA VALENCIANA;CAMI BORBOTÓ A MASSARROJOS;17;177;1;1626;Instalado;"{""coordinates"": [-0.389861242032982, 39.51868046067874], ""type"": ""Point""}";39.51868046067874, -0.389861242032982
00-DEPENDENCIES MUNICIPALS;CONSULTORI AUXILIAR BARRI LA PUNTA;AV JESÚS MORANTE BORRÁS, 176;10;106;1;1633;Instalado;"{""coordinates"": [-0.34391832975438835, 39.442560553374506], ""type"": ""Point""}";39.442560553374506, -0.34391832975438835
09-UNIVERSITAT POPULAR;UP MALVARROSA;AV MALVA-ROSA, 98;11;113;1;1639;Instalado;"{""coordinates"": [-0.32793390221576063, 39.48127636236008], ""type"": ""Point""}";39.48127636236008, -0.32793390221576063
00-DEPENDENCIES MUNICIPALS;CM OCUPACIÓ I FORMACIÓ;C/ LLEONS, 9;12;121;1;1640;Instalado;"{""coordinates"": [-0.3486057753040274, 39.465466657918], ""type"": ""Point""}";39.465466657918, -0.3486057753040274
07-ALCALDIA DE BARRI;ALCALDIA DE LA PUNTA;C/ ALBERTO GARCÍA ESTEVE (ADVOCAT), SN;10;106;1;1642;Instalado;"{""coordinates"": [-0.3353594935381565, 39.44308498544254], ""type"": ""Point""}";39.44308498544254, -0.3353594935381565
02-CM_PERSONES MAJORS;"CM ACTIVITATS PERSONES MAJORS ""CABANYAL-CANYAMELAR""";C/ DOCTOR LLUCH, Ft. 75;11;112;1;1645;Instalado;"{""coordinates"": [-0.3282848832395655, 39.46677095323611], ""type"": ""Point""}";39.46677095323611, -0.3282848832395655
02-CM_PERSONES MAJORS;"CM ACTIVITATS PERSONES MAJORS ""CAMPANAR""";C/ DRAGAMINES, 11;4;041;1;1652;Instalado;"{""coordinates"": [-0.3969731310686819, 39.48116541674974], ""type"": ""Point""}";39.48116541674974, -0.3969731310686819
00-DEPENDENCIES MUNICIPALS;AJUNTAMENT DE VALÈNCIA-TABAQUERA (Entrada Registre);C/ AMADEU DE SAVOIA, 11;6;061;1;1655;Instalado;"{""coordinates"": [-0.36230963656175036, 39.474030704862045], ""type"": ""Point""}";39.474030704862045, -0.36230963656175036
02-CM_PERSONES MAJORS;"CM ACTIVITATS PERSONES MAJORS ""LA FONTSANTA""";C/ MARE DE DÉU DE LA FONTSANTA, S/N;7;074;1;1658;Instalado;"{""coordinates"": [-0.4072171036534992, 39.46650166814691], ""type"": ""Point""}";39.46650166814691, -0.4072171036534992
02-CM_PERSONES MAJORS;"CM ACTIVITATS PERSONES MAJORS ""CREU COBERTA""";C/ TOMÀS DE VILARROYA, 17 Baix;9;094;1;1665;Instalado;"{""coordinates"": [-0.38813708983476886, 39.44755327831861], ""type"": ""Point""}";39.44755327831861, -0.38813708983476886
04-CENTRE EDUCATIU;AVAPACE;PL JOSÉ MARÍA ORENSE;13;132;1;1669;Instalado;"{""coordinates"": [-0.3402540238630378, 39.47335316409278], ""type"": ""Point""}";39.47335316409278, -0.3402540238630378
VIA PUBLICA;;C/ TRES FORQUES, 69;08;083;1;1308;Instalado;"{""coordinates"": [-0.39526807132081293, 39.46388137049108], ""type"": ""Point""}";39.46388137049108, -0.39526807132081293
VIA PUBLICA;;AV BALEARS - C/ NOGUERA;12;125;1;1457;Instalado;"{""coordinates"": [-0.3426772837324609, 39.45974636517033], ""type"": ""Point""}";39.45974636517033, -0.3426772837324609
