id;Empresa;objectid;zona;ubicacion;distrito;barrio;geo_shape;geo_point_2d
131;ASOCIACION EL RASTRELL;2350;2;C/ POETA SERRANO CLAVERO - C/ FEDERICO ALCACER AGUILAR (DOCTOR EN MEDICINA);16;161;"{""coordinates"": [-0.3865552709447749, 39.49498229829286], ""type"": ""Point""}";39.49498229829286, -0.3865552709447749
137;ASOCIACION EL RASTRELL;2356;1;AV GASPAR AGUILAR - C/ FORATA;9;092;"{""coordinates"": [-0.3938998387186827, 39.450999237057744], ""type"": ""Point""}";39.450999237057744, -0.3938998387186827
139;ASOCIACION EL RASTRELL;2358;1;C/ ARQUEBISPE OLAECHEA - C/ SANT MARCEL·LÍ;9;094;"{""coordinates"": [-0.39120805446947815, 39.444044539991175], ""type"": ""Point""}";39.444044539991175, -0.39120805446947815
144;ASOCIACION EL RASTRELL;2363;1;C/ COLÓN - C/ SORNÍ;2;022;"{""coordinates"": [-0.37013002862160405, 39.470266128596705], ""type"": ""Point""}";39.470266128596705, -0.37013002862160405
147;ASOCIACION EL RASTRELL;2366;2;AV BLASCO IBÁÑEZ - C/ RAMON LLUL;13;134;"{""coordinates"": [-0.34822404193480844, 39.47445676693231], ""type"": ""Point""}";39.47445676693231, -0.34822404193480844
152;FUNDACION JOSÉ MARÍA HARO-INTRA;2371;2;C/ NAVARRO CABANES - C/ RACÓ D'ADEMÚS;7;071;"{""coordinates"": [-0.4028147362920038, 39.47099234514785], ""type"": ""Point""}";39.47099234514785, -0.4028147362920038
154;FUNDACION JOSÉ MARÍA HARO-INTRA;2373;1;C/ GUILLEM DESPUIG - C/ ROSA ESTRUCH ESPINÓS (POLÍTICA);7;073;"{""coordinates"": [-0.39891302576431126, 39.46466383243557], ""type"": ""Point""}";39.46466383243557, -0.39891302576431126
162;FUNDACION JOSÉ MARÍA HARO-INTRA;2381;1;C/ SALVADOR SASTRE - GV RAMON Y CAJAL;3;034;"{""coordinates"": [-0.3806768767548811, 39.463727619223576], ""type"": ""Point""}";39.463727619223576, -0.3806768767548811
163;FUNDACION JOSÉ MARÍA HARO-INTRA;2382;1;GV GERMANIES - C/ SUECA;2;021;"{""coordinates"": [-0.37661663816059154, 39.46346981396072], ""type"": ""Point""}";39.46346981396072, -0.37661663816059154
168;FUNDACION JOSÉ MARÍA HARO-INTRA;2387;3;AV AUSIÀS MARCH - AV PLATA;10;102;"{""coordinates"": [-0.3723822920129044, 39.452706553611996], ""type"": ""Point""}";39.452706553611996, -0.3723822920129044
195;FUNDACION JOSÉ MARÍA HARO-INTRA;2392;3;PL ESGLÉSIA DELS ÀNGELS;11;112;"{""coordinates"": [-0.33181892759745213, 39.47237814604898], ""type"": ""Point""}";39.47237814604898, -0.33181892759745213
205;ASOCIACION LA CASA GRANDE;2402;1;AV DOCTOR TOMAS SALA, 18 acc;9;094;"{""coordinates"": [-0.38882656101582097, 39.44651977198917], ""type"": ""Point""}";39.44651977198917, -0.38882656101582097
208;ASOCIACION LA CASA GRANDE;2405;3;AV PERIS I VALERO - CRA FONTETA DE SANT LLUIS;10;102;"{""coordinates"": [-0.3714854346186283, 39.45852293492422], ""type"": ""Point""}";39.45852293492422, -0.3714854346186283
209;ASOCIACION LA CASA GRANDE;2406;3;AV PLATA, 71;10;101;"{""coordinates"": [-0.3638858786480884, 39.45657854564049], ""type"": ""Point""}";39.45657854564049, -0.3638858786480884
242;ASOCIACION LA CASA GRANDE;2418;1;C/ PIUS IX, F-27;9;094;"{""coordinates"": [-0.393136294689415, 39.445346997754754], ""type"": ""Point""}";39.445346997754754, -0.393136294689415
243;ASOCIACION LA CASA GRANDE;2419;2;C/ PROFESSOR DOCTOR SEVERO OCHOA - C/ MONFORTE;6;061;"{""coordinates"": [-0.36414311999450744, 39.47710374681537], ""type"": ""Point""}";39.47710374681537, -0.36414311999450744
247;ASOCIACION LA CASA GRANDE;2423;1;C/ SALABERT - C/ BEATA AGNÉS;8;081;"{""coordinates"": [-0.3943593124455028, 39.46306235742338], ""type"": ""Point""}";39.46306235742338, -0.3943593124455028
250;ASOCIACION LA CASA GRANDE;2426;1;PL NÀPOLS I SICÍLIA, 5;1;012;"{""coordinates"": [-0.37285595796632415, 39.47571170476797], ""type"": ""Point""}";39.47571170476797, -0.37285595796632415
253;ASOCIACION EL RASTRELL;2429;3;C/ BISBE JAUME PÉREZ - C/ SALVADOR LLUCH;10;101;"{""coordinates"": [-0.36643384564955844, 39.45920837560274], ""type"": ""Point""}";39.45920837560274, -0.36643384564955844
256;ASOCIACION EL RASTRELL;2432;3;AV TARONGERS - C/ ESCALANTE;11;112;"{""coordinates"": [-0.32965354696109117, 39.475153739663355], ""type"": ""Point""}";39.475153739663355, -0.32965354696109117
259;ASOCIACION EL RASTRELL;2435;2;C/ RAMIRO DE MAEZTU - C/ JERONI DE MONTSORIU;12;121;"{""coordinates"": [-0.34484976553398633, 39.466683056934365], ""type"": ""Point""}";39.466683056934365, -0.34484976553398633
265;ASOCIACION EL RASTRELL;2438;2;CAMI MONTCADA, 269;17;172;"{""coordinates"": [-0.38438930167717594, 39.50761245033573], ""type"": ""Point""}";39.50761245033573, -0.38438930167717594
267;ASOCIACION EL RASTRELL;2440;1;AV REAL DE MADRID, 45;19;197;"{""coordinates"": [-0.39132931149755573, 39.43352238166205], ""type"": ""Point""}";39.43352238166205, -0.39132931149755573
268;ASOCIACION EL RASTRELL;2441;1;C/ NORD, 30;3;033;"{""coordinates"": [-0.39161164688315303, 39.476662592545566], ""type"": ""Point""}";39.476662592545566, -0.39161164688315303
269;ASOCIACION EL RASTRELL;2442;1;GV MARQUÉS DEL TÚRIA - C/ CISCAR;2;023;"{""coordinates"": [-0.36680647032624353, 39.46758364910534], ""type"": ""Point""}";39.46758364910534, -0.36680647032624353
272;ASOCIACION EL RASTRELL;2445;1;C/ LITERATO GABRIEL MIRÓ - GV FERNANDO EL CATOLICO;3;033;"{""coordinates"": [-0.38733525876858005, 39.47316219134223], ""type"": ""Point""}";39.47316219134223, -0.38733525876858005
274;ASOCIACION EL RASTRELL;2447;1;PL ARTUR PIERA, 4;7;071;"{""coordinates"": [-0.3949942359098068, 39.47000656219647], ""type"": ""Point""}";39.47000656219647, -0.3949942359098068
277;ASOCIACION EL RASTRELL;2450;1;C/ ARXIDUC CARLES -  C/ PUEBLA DE VALVERDE;8;083;"{""coordinates"": [-0.4012073460922968, 39.45944950071914], ""type"": ""Point""}";39.45944950071914, -0.4012073460922968
281;ASOCIACION EL RASTRELL;2454;1;C/ SANT VICENT MARTIR, 219;9;091;"{""coordinates"": [-0.3838783968604074, 39.45573143676638], ""type"": ""Point""}";39.45573143676638, -0.3838783968604074
288;ASOCIACION EL RASTRELL;2461;2;C/ FOC, 1;16;162;"{""coordinates"": [-0.3944993122506921, 39.500012359387696], ""type"": ""Point""}";39.500012359387696, -0.3944993122506921
291;ASOCIACION EL RASTRELL;2464;2;C/ PEDRO CABANES - C/ MONT CARMEL;15;152;"{""coordinates"": [-0.37411929306150704, 39.49533254162], ""type"": ""Point""}";39.49533254162, -0.37411929306150704
292;ASOCIACION EL RASTRELL;2465;2;PL MÚSIC ESPÍ;15;152;"{""coordinates"": [-0.37456929343771556, 39.49721253785513], ""type"": ""Point""}";39.49721253785513, -0.37456929343771556
293;ASOCIACION EL RASTRELL;2466;2;C/ SAGUNT, 32;5;052;"{""coordinates"": [-0.37495778016308734, 39.483799527700604], ""type"": ""Point""}";39.483799527700604, -0.37495778016308734
296;ASOCIACION EL RASTRELL;2469;2;C/ PARE URBANO - PL PROFESSOR TIERNO GALVÁN;5;055;"{""coordinates"": [-0.37140711611577354, 39.48877269639626], ""type"": ""Point""}";39.48877269639626, -0.37140711611577354
218;ASOCIACION LA CASA GRANDE;2478;2;C/ CAMP DE MORVEDRE - C/ CANAL DE NAVARRÉS;4;044;"{""coordinates"": [-0.40618932265398044, 39.490122253912354], ""type"": ""Point""}";39.490122253912354, -0.40618932265398044
220;ASOCIACION LA CASA GRANDE;2480;2;C/ CORDOVA, 4;18;182;"{""coordinates"": [-0.40455932172247455, 39.49443226851819], ""type"": ""Point""}";39.49443226851819, -0.40455932172247455
224;ASOCIACION LA CASA GRANDE;2484;3;C/ DOCTOR LLUCH, 21;11;112;"{""coordinates"": [-0.3288074272018632, 39.46449498525277], ""type"": ""Point""}";39.46449498525277, -0.3288074272018632
227;ASOCIACION LA CASA GRANDE;2487;2;C/ EXPLORADOR ANDRES, 34;13;132;"{""coordinates"": [-0.3454105559721604, 39.47165692938466], ""type"": ""Point""}";39.47165692938466, -0.3454105559721604
229;ASOCIACION LA CASA GRANDE;2489;2;C/ FUSTERS - C/ SILLA;18;181;"{""coordinates"": [-0.41977795709892657, 39.49815705044835], ""type"": ""Point""}";39.49815705044835, -0.41977795709892657
230;ASOCIACION LA CASA GRANDE;2490;3;C/ GRAVADOR JORDAN - PL ESCULTOR PASTOR;10;104;"{""coordinates"": [-0.3677192879664796, 39.44393259427473], ""type"": ""Point""}";39.44393259427473, -0.3677192879664796
231;ASOCIACION LA CASA GRANDE;2491;1;C/ GUILLEM DE CASTRO, 59;3;031;"{""coordinates"": [-0.38364454265919273, 39.47045397266131], ""type"": ""Point""}";39.47045397266131, -0.38364454265919273
234;ASOCIACION LA CASA GRANDE;2494;1;C/ MARIANO DE CAVIA - C/ ARQUITECTE SEGURA DE LAGO;8;082;"{""coordinates"": [-0.40281932072005516, 39.45324228095087], ""type"": ""Point""}";39.45324228095087, -0.40281932072005516
235;ASOCIACION LA CASA GRANDE;2495;2;C/ MAXIMILIA THOUS, 11 acc;5;055;"{""coordinates"": [-0.3749996643510763, 39.48793042479984], ""type"": ""Point""}";39.48793042479984, -0.3749996643510763
170;FUNDACION JOSÉ MARÍA HARO-INTRA;2499;3;C/ OLTÀ - AV AUSIÀS MARCH;10;103;"{""coordinates"": [-0.3736240632938784, 39.45335332575589], ""type"": ""Point""}";39.45335332575589, -0.3736240632938784
177;FUNDACION JOSÉ MARÍA HARO-INTRA;2506;2;C/ JOSE GROLLO - DOCTOR PESET ALEIXANDRE;16;161;"{""coordinates"": [-0.3881133059114655, 39.489151415260245], ""type"": ""Point""}";39.489151415260245, -0.3881133059114655
179;FUNDACION JOSÉ MARÍA HARO-INTRA;2508;2;C/ MOTILLA DE PALANCAR - C/ DUC DE MANDAS;15;153;"{""coordinates"": [-0.367282285529042, 39.49167060243867], ""type"": ""Point""}";39.49167060243867, -0.367282285529042
184;FUNDACION JOSÉ MARÍA HARO-INTRA;2513;2;C/ PINTOR VILAR - C/ ALBORAIA;5;053;"{""coordinates"": [-0.3710713756416169, 39.48217677921361], ""type"": ""Point""}";39.48217677921361, -0.3710713756416169
185;FUNDACION JOSÉ MARÍA HARO-INTRA;2514;2;C/ ALVARO DE BAZAN - C/ JAUME ROIG;6;063;"{""coordinates"": [-0.3637493613287689, 39.481504780665595], ""type"": ""Point""}";39.481504780665595, -0.3637493613287689
189;FUNDACION JOSÉ MARÍA HARO-INTRA;2518;2;C/ DOCTOR MANUEL CANDELA - AV PORT;12;122;"{""coordinates"": [-0.35188320181982063, 39.465588722549306], ""type"": ""Point""}";39.465588722549306, -0.35188320181982063
190;FUNDACION JOSÉ MARÍA HARO-INTRA;2519;2;AV FRANÇA - C/ ALFRED TORAN I OLMOS (ESCULTOR);12;125;"{""coordinates"": [-0.35083663944708116, 39.459843673652635], ""type"": ""Point""}";39.459843673652635, -0.35083663944708116
1;FUNDACION JOSÉ MARÍA HARO-INTRA;2520;1;C./ SANT DONÍS (AL COSTAT DE LA PARET DEL CENTRE EXCURSIONISTA);1;013;"{""coordinates"": [-0.3808058308419148, 39.47735156013691], ""type"": ""Point""}";39.47735156013691, -0.3808058308419148
7;FUNDACION JOSÉ MARÍA HARO-INTRA;2526;1;C/ ALBERIC, 18;3;034;"{""coordinates"": [-0.38864797889242564, 39.4675282708237], ""type"": ""Point""}";39.4675282708237, -0.38864797889242564
10;FUNDACION JOSÉ MARÍA HARO-INTRA;2529;1;C/ VICENT BLASCO GARCIA - C/ ARCHENA;7;072;"{""coordinates"": [-0.4097163241149132, 39.47202672259255], ""type"": ""Point""}";39.47202672259255, -0.4097163241149132
11;FUNDACION JOSÉ MARÍA HARO-INTRA;2530;2;C/ MARQUÉS DE SANT JOAN, 1 - C./ EDUARDO SOLER Y PEREZ - (CMAPM);4;041;"{""coordinates"": [-0.39947615980075235, 39.4773204334693], ""type"": ""Point""}";39.4773204334693, -0.39947615980075235
12;FUNDACION JOSÉ MARÍA HARO-INTRA;2531;2;C/ JOAQUIM BALLESTER - C/ TRAINERA;4;042;"{""coordinates"": [-0.3869811177627157, 39.4841120496577], ""type"": ""Point""}";39.4841120496577, -0.3869811177627157
13;FUNDACION JOSÉ MARÍA HARO-INTRA;2532;2;C/ ALMASSORA, 37;5;052;"{""coordinates"": [-0.3718447857782492, 39.48441031390387], ""type"": ""Point""}";39.48441031390387, -0.3718447857782492
14;FUNDACION JOSÉ MARÍA HARO-INTRA;2533;2;PL ÀVILA, 18;5;053;"{""coordinates"": [-0.3695098885147921, 39.48127648060696], ""type"": ""Point""}";39.48127648060696, -0.3695098885147921
15;FUNDACION JOSÉ MARÍA HARO-INTRA;2534;2;C/ DOCTOR NICASI BENLLOCH, 27;16;161;"{""coordinates"": [-0.39218438569831954, 39.488913514863164], ""type"": ""Point""}";39.488913514863164, -0.39218438569831954
21;FUNDACION JOSÉ MARÍA HARO-INTRA;2540;1;PL MARE DE DÉU DEL LEPANT, 17;19;192;"{""coordinates"": [-0.3635569303458384, 39.429268911740905], ""type"": ""Point""}";39.429268911740905, -0.3635569303458384
25;FUNDACION JOSÉ MARÍA HARO-INTRA;2544;2;PL SANT FELIP NERI - C/ ACTOR LLORENS;12;121;"{""coordinates"": [-0.35398602912989874, 39.46962696877508], ""type"": ""Point""}";39.46962696877508, -0.35398602912989874
29;ASOCIACION LA CASA GRANDE;2548;1;C/ ILLA CABRERA, 52;2;021;"{""coordinates"": [-0.37727698053288633, 39.448750084484274], ""type"": ""Point""}";39.448750084484274, -0.37727698053288633
31;ASOCIACION LA CASA GRANDE;2550;1;PG PETXINA - AV PÉREZ GALDÓS;3;033;"{""coordinates"": [-0.3955980938545125, 39.47501741495152], ""type"": ""Point""}";39.47501741495152, -0.3955980938545125
33;ASOCIACION LA CASA GRANDE;2552;1;C/ TRES FORQUES, 124;7;074;"{""coordinates"": [-0.4076793250646419, 39.46356223875607], ""type"": ""Point""}";39.46356223875607, -0.4076793250646419
35;ASOCIACION LA CASA GRANDE;2554;2;C/ TERRATEIG, 1 - C/ JORGE COMÍN (METGE PEDIATRE);4;044;"{""coordinates"": [-0.4036328171960061, 39.48070207659693], ""type"": ""Point""}";39.48070207659693, -0.4036328171960061
40;ASOCIACION LA CASA GRANDE;2559;2;C/ GUÀRDIA CIVIL - C/ RAMON ASENSIO;14;141;"{""coordinates"": [-0.3583723555687606, 39.48251927742431], ""type"": ""Point""}";39.48251927742431, -0.3583723555687606
41;ASOCIACION LA CASA GRANDE;2560;2;C/ SANTIAGO RUSIÑOL - C/ ARQUITECTE RODRÍGUEZ;15;153;"{""coordinates"": [-0.3670400250747225, 39.495895816469925], ""type"": ""Point""}";39.495895816469925, -0.3670400250747225
42;ASOCIACION LA CASA GRANDE;2561;1;PL JESÚS;8;081;"{""coordinates"": [-0.3883927117892881, 39.45974792115948], ""type"": ""Point""}";39.45974792115948, -0.3883927117892881
44;ASOCIACION LA CASA GRANDE;2563;1;AV TRES CREUS, 67;8;083;"{""coordinates"": [-0.40418875075625815, 39.46219185575273], ""type"": ""Point""}";39.46219185575273, -0.40418875075625815
45;ASOCIACION LA CASA GRANDE;2564;3;C/ DOCTOR JOSEP JUAN DÒMINE, 19;11;111;"{""coordinates"": [-0.33060591044340487, 39.462588030286305], ""type"": ""Point""}";39.462588030286305, -0.33060591044340487
51;ASOCIACION EL RASTRELL;2570;1;AV OEST - C/ PEU DE LA CREU;1;015;"{""coordinates"": [-0.3798544626225748, 39.472968063933784], ""type"": ""Point""}";39.472968063933784, -0.3798544626225748
54;ASOCIACION EL RASTRELL;2573;3;AV PLATA, 20;10;105;"{""coordinates"": [-0.3675480385275954, 39.45469216445045], ""type"": ""Point""}";39.45469216445045, -0.3675480385275954
58;ASOCIACION EL RASTRELL;2577;1;C/ LLOMBAI (MERCAT DE CASTILLA);7;073;"{""coordinates"": [-0.40346842117251985, 39.46531084189617], ""type"": ""Point""}";39.46531084189617, -0.40346842117251985
61;ASOCIACION EL RASTRELL;2580;2;C/ CONVENT DELS CARMELITES - C/ ALBORAIA;5;053;"{""coordinates"": [-0.3698448422791883, 39.48308726045346], ""type"": ""Point""}";39.48308726045346, -0.3698448422791883
63;ASOCIACION EL RASTRELL;2582;2;CAMI MONTCADA, 105;16;161;"{""coordinates"": [-0.3804549721214004, 39.49474862125907], ""type"": ""Point""}";39.49474862125907, -0.3804549721214004
75;ASOCIACION EL RASTRELL;2594;2;C/ IECLA, 22  ( FRONT CENTRO SOCIAL LA AMISTAD);13;133;"{""coordinates"": [-0.3506126875208059, 39.472559109394716], ""type"": ""Point""}";39.472559109394716, -0.3506126875208059
76;FUNDACION JOSÉ MARÍA HARO-INTRA;2595;2;AV BLASCO IBAÑEZ, 154;13;132;"{""coordinates"": [-0.3431303112519655, 39.472117580137436], ""type"": ""Point""}";39.472117580137436, -0.3431303112519655
77;FUNDACION JOSÉ MARÍA HARO-INTRA;2596;2;AV BURJASSOT, 150;16;161;"{""coordinates"": [-0.3918208372126072, 39.490776615150054], ""type"": ""Point""}";39.490776615150054, -0.3918208372126072
81;FUNDACION JOSÉ MARÍA HARO-INTRA;2600;2;AV GENERAL AVILÉS, 59;4;041;"{""coordinates"": [-0.400000150877372, 39.48398000958052], ""type"": ""Point""}";39.48398000958052, -0.400000150877372
84;FUNDACION JOSÉ MARÍA HARO-INTRA;2603;1;AV REGNE DE VALÈNCIA - C/ SANT VALERI;2;021;"{""coordinates"": [-0.3719915774517519, 39.46452726764694], ""type"": ""Point""}";39.46452726764694, -0.3719915774517519
88;FUNDACION JOSÉ MARÍA HARO-INTRA;2607;1;C/ SANT VICENT MARTIR - C/ ARQUEBISBE OLAECHEA;9;094;"{""coordinates"": [-0.3879968257443037, 39.44310868145166], ""type"": ""Point""}";39.44310868145166, -0.3879968257443037
89;FUNDACION JOSÉ MARÍA HARO-INTRA;2608;1;C/ JOAQUIM NAVARRO - C/ GABRIEL Y GALÁN;9;092;"{""coordinates"": [-0.38749151299878143, 39.45297360905142], ""type"": ""Point""}";39.45297360905142, -0.38749151299878143
95;FUNDACION JOSÉ MARÍA HARO-INTRA;2614;2;AV MENÉNDEZ Y PELAYO - C/ GASCÓ OLIAG;6;064;"{""coordinates"": [-0.3577137487820332, 39.478497254190174], ""type"": ""Point""}";39.478497254190174, -0.3577137487820332
97;FUNDACION JOSÉ MARÍA HARO-INTRA;2616;3;AV PERIS I VALERO - AV DOCTOR WAKSMAN;10;102;"{""coordinates"": [-0.37517816390214426, 39.4564729198081], ""type"": ""Point""}";39.4564729198081, -0.37517816390214426
100;FUNDACION JOSÉ MARÍA HARO-INTRA;2619;2;AV CONSTITUCIÓ-C/ ARQUITECTE LUCINI;5;054;"{""coordinates"": [-0.3756243921997646, 39.48989212406773], ""type"": ""Point""}";39.48989212406773, -0.3756243921997646
101;ASOCIACION LA CASA GRANDE;2620;2;AV BURJASSOT, 3;4;042;"{""coordinates"": [-0.3823428551698214, 39.482892603932854], ""type"": ""Point""}";39.482892603932854, -0.3823428551698214
104;ASOCIACION LA CASA GRANDE;2623;2;C/ GENERAL LLORENS, 17;16;161;"{""coordinates"": [-0.385930015296013, 39.49128346185189], ""type"": ""Point""}";39.49128346185189, -0.385930015296013
110;ASOCIACION LA CASA GRANDE;2629;2;C/ SERRADORA - C/ FELIPE SALVADOR;12;121;"{""coordinates"": [-0.33818004052549905, 39.46231828869147], ""type"": ""Point""}";39.46231828869147, -0.33818004052549905
112;ASOCIACION LA CASA GRANDE;2631;2;AV BLASCO IBAÑEZ, 180;11;114;"{""coordinates"": [-0.338524160526297, 39.470815899465194], ""type"": ""Point""}";39.470815899465194, -0.338524160526297
118;ASOCIACION LA CASA GRANDE;2637;1;C/ ALMÀSSERA - C/ JERÓNIMA GALÉS (IMPRESORA);9;092;"{""coordinates"": [-0.39097460999732714, 39.45256717696522], ""type"": ""Point""}";39.45256717696522, -0.39097460999732714
124;ASOCIACION LA CASA GRANDE;2343;1;AV PERIS I VALERO, 183;2;021;"{""coordinates"": [-0.3638637485441358, 39.4620682274827], ""type"": ""Point""}";39.4620682274827, -0.3638637485441358
126;ASOCIACION EL RASTRELL;2345;2;C/ VTE RIOS ENRIQUE (MESTRE ARTESA FONEDOR SEGLE XIX) - C/ HERNÁNDEZ LÁZARO;4;044;"{""coordinates"": [-0.4033385426703495, 39.477201141511294], ""type"": ""Point""}";39.477201141511294, -0.4033385426703495
128;ASOCIACION EL RASTRELL;2347;2;AV PIO XII, 3;4;041;"{""coordinates"": [-0.39204841484686453, 39.47948725648562], ""type"": ""Point""}";39.47948725648562, -0.39204841484686453
129;ASOCIACION EL RASTRELL;2348;2;C/ DOCTOR NICASI BENLLOCH, 72;16;161;"{""coordinates"": [-0.3958204666058494, 39.4910881785888], ""type"": ""Point""}";39.4910881785888, -0.3958204666058494
130;ASOCIACION EL RASTRELL;2349;2;AV BURJASSOT - AV CAMPANAR;4;043;"{""coordinates"": [-0.3893307395806503, 39.48838499983545], ""type"": ""Point""}";39.48838499983545, -0.3893307395806503
132;ASOCIACION EL RASTRELL;2351;2;C/ MOLINELL - AV. PRIMAT REIG;5;053;"{""coordinates"": [-0.36442608253669373, 39.48468739600186], ""type"": ""Point""}";39.48468739600186, -0.36442608253669373
135;ASOCIACION EL RASTRELL;2354;1;C/ AIORA - C/ XIVA;8;081;"{""coordinates"": [-0.3922526011590632, 39.46633407742696], ""type"": ""Point""}";39.46633407742696, -0.3922526011590632
138;ASOCIACION EL RASTRELL;2357;1;AV PRIMER DE MAIG, 29;9;093;"{""coordinates"": [-0.3888307506093605, 39.44904387253953], ""type"": ""Point""}";39.44904387253953, -0.3888307506093605
141;ASOCIACION EL RASTRELL;2360;3;AV INSTITUT OBRER DE VALÈNCIA - C/ MARQUÉS DE LOZOYA;10;107;"{""coordinates"": [-0.3597019386471674, 39.454784720401435], ""type"": ""Point""}";39.454784720401435, -0.3597019386471674
142;ASOCIACION EL RASTRELL;2361;3;AV PLATA - C/ HORT DE SANT VALERI;10;105;"{""coordinates"": [-0.3602234156234742, 39.45782288040467], ""type"": ""Point""}";39.45782288040467, -0.3602234156234742
143;ASOCIACION EL RASTRELL;2362;1;C/ CADIS - C/ PUERTO RICO;2;021;"{""coordinates"": [-0.3738631715003311, 39.46206801664451], ""type"": ""Point""}";39.46206801664451, -0.3738631715003311
145;ASOCIACION EL RASTRELL;2364;3;C/ SERRADORA - C/ MARIÀ CUBER;11;112;"{""coordinates"": [-0.3360333427041766, 39.46416710675382], ""type"": ""Point""}";39.46416710675382, -0.3360333427041766
146;ASOCIACION EL RASTRELL;2365;1;C/ ALEXANDRE VI - C/ MATIES PERELLÓ;2;021;"{""coordinates"": [-0.3649615154789987, 39.46290868782036], ""type"": ""Point""}";39.46290868782036, -0.3649615154789987
150;ASOCIACION EL RASTRELL;2369;2;AV BLASCO IBÁÑEZ - PL LEGIÓ ESPANYOLA;6;061;"{""coordinates"": [-0.36567841252431127, 39.478838561926736], ""type"": ""Point""}";39.478838561926736, -0.36567841252431127
151;FUNDACION JOSÉ MARÍA HARO-INTRA;2370;2;AV CID - C/ CASA DE LA MISERICORDIA;7;075;"{""coordinates"": [-0.4100823279137232, 39.469515218258046], ""type"": ""Point""}";39.469515218258046, -0.4100823279137232
155;FUNDACION JOSÉ MARÍA HARO-INTRA;2374;1;C/ PIUS XI - C/ FONTANARS DELS ALFORINS;8;084;"{""coordinates"": [-0.3930553114945513, 39.45892036872132], ""type"": ""Point""}";39.45892036872132, -0.3930553114945513
156;FUNDACION JOSÉ MARÍA HARO-INTRA;2375;1;C/ JERONI MUNYOS - C/ URUGUAI;9;091;"{""coordinates"": [-0.38644682888344506, 39.45910871766305], ""type"": ""Point""}";39.45910871766305, -0.38644682888344506
157;FUNDACION JOSÉ MARÍA HARO-INTRA;2376;1;C/ COSTA I BORRÀS - C/ JERONIMA GALES (IMPRESSORA);9;092;"{""coordinates"": [-0.38927620032951815, 39.45483016837244], ""type"": ""Point""}";39.45483016837244, -0.38927620032951815
160;FUNDACION JOSÉ MARÍA HARO-INTRA;2379;1;CN PICANYA - C/ ARQUITECTE SEGURA DE LAGO;8;082;"{""coordinates"": [-0.4044133226445743, 39.45606226724349], ""type"": ""Point""}";39.45606226724349, -0.4044133226445743
164;FUNDACION JOSÉ MARÍA HARO-INTRA;2383;1;C/ POETA QUEROL - C/ SALVÀ;1;016;"{""coordinates"": [-0.3741229808803989, 39.471857889755576], ""type"": ""Point""}";39.471857889755576, -0.3741229808803989
166;FUNDACION JOSÉ MARÍA HARO-INTRA;2385;3;C/ ALCALDE REIG - PL MONTOLIVET;10;101;"{""coordinates"": [-0.3589136510688937, 39.45957371561998], ""type"": ""Point""}";39.45957371561998, -0.3589136510688937
167;FUNDACION JOSÉ MARÍA HARO-INTRA;2386;3;AV AUSIÀS MARCH - C/ PACO PIERRA;10;105;"{""coordinates"": [-0.36988228947442875, 39.44914557577047], ""type"": ""Point""}";39.44914557577047, -0.36988228947442875
191;FUNDACION JOSÉ MARÍA HARO-INTRA;2388;2;C/ VICENT VIDAL (CRONISTA) - C/ VICENTE BELTRAN GRIMAL (ESCULTOR);12;123;"{""coordinates"": [-0.34860526897598143, 39.46152976939106], ""type"": ""Point""}";39.46152976939106, -0.34860526897598143
192;FUNDACION JOSÉ MARÍA HARO-INTRA;2389;2;C/ SANTS JUST I PASTORS - C/ JOSE MARIA HARO (MAGISTRAT);13;131;"{""coordinates"": [-0.33961178899960515, 39.4673109876163], ""type"": ""Point""}";39.4673109876163, -0.33961178899960515
193;FUNDACION JOSÉ MARÍA HARO-INTRA;2390;1;CTRA RIU, 300;19;193;"{""coordinates"": [-0.34065526241928906, 39.422248838314474], ""type"": ""Point""}";39.422248838314474, -0.34065526241928906
194;FUNDACION JOSÉ MARÍA HARO-INTRA;2391;3;AV JESUS MORANTE BORRÀS, 135;10;106;"{""coordinates"": [-0.3439212640866052, 39.44477381026044], ""type"": ""Point""}";39.44477381026044, -0.3439212640866052
196;FUNDACION JOSÉ MARÍA HARO-INTRA;2393;3;C/ CAVITE - C/ MENDIZABAL;11;113;"{""coordinates"": [-0.3263955391090831, 39.48324830431556], ""type"": ""Point""}";39.48324830431556, -0.3263955391090831
198;FUNDACION JOSÉ MARÍA HARO-INTRA;2395;2;C/ MASSAMAGRELL, 1;17;171;"{""coordinates"": [-0.38531630272820605, 39.528629443966636], ""type"": ""Point""}";39.528629443966636, -0.38531630272820605
199;FUNDACION JOSÉ MARÍA HARO-INTRA;2396;2;CAMI CASES DE BÀRCENA, 46;17;174;"{""coordinates"": [-0.35934627723925067, 39.5195626765811], ""type"": ""Point""}";39.5195626765811, -0.35934627723925067
201;ASOCIACION LA CASA GRANDE;2398;3;AV ALCALDE GISBERT RICO, 22 - C/ ESCRIPTOR RAFAEL FERRERES;10;107;"{""coordinates"": [-0.36084928139329003, 39.45543265768002], ""type"": ""Point""}";39.45543265768002, -0.36084928139329003
202;ASOCIACION LA CASA GRANDE;2399;2;AV BALEARES - C/ NOGUERA;12;125;"{""coordinates"": [-0.3425968422832692, 39.45971396450913], ""type"": ""Point""}";39.45971396450913, -0.3425968422832692
203;ASOCIACION LA CASA GRANDE;2400;2;AV BURJASSOT, 196 acc;16;161;"{""coordinates"": [-0.3939540675622408, 39.49302564093439], ""type"": ""Point""}";39.49302564093439, -0.3939540675622408
204;ASOCIACION LA CASA GRANDE;2401;3;AV MALVA-ROSA - AV TARONGERS;11;113;"{""coordinates"": [-0.3275950608301747, 39.4750101921198], ""type"": ""Point""}";39.4750101921198, -0.3275950608301747
206;ASOCIACION LA CASA GRANDE;2403;1;AV GAVINES - C/ CABRESTANT;19;196;"{""coordinates"": [-0.2960792214410033, 39.30662323673685], ""type"": ""Point""}";39.30662323673685, -0.2960792214410033
210;ASOCIACION LA CASA GRANDE;2407;2;AV PORT - C/ ACTOR LLORENS;12;122;"{""coordinates"": [-0.3555252387296525, 39.46682981076295], ""type"": ""Point""}";39.46682981076295, -0.3555252387296525
211;ASOCIACION LA CASA GRANDE;2408;1;AV REAL DE MADRID, 139;19;197;"{""coordinates"": [-0.39370931299077494, 39.427442360027506], ""type"": ""Point""}";39.427442360027506, -0.39370931299077494
212;ASOCIACION LA CASA GRANDE;2409;1;AV REGNE DE VALÈNCIA, 60;2;021;"{""coordinates"": [-0.36621856802551606, 39.463247769153945], ""type"": ""Point""}";39.463247769153945, -0.36621856802551606
213;ASOCIACION LA CASA GRANDE;2410;2;C/ ALBORAIA, 62;5;053;"{""coordinates"": [-0.3684850711560033, 39.48589674933346], ""type"": ""Point""}";39.48589674933346, -0.3684850711560033
214;ASOCIACION LA CASA GRANDE;2411;2;C/ ALQUERIA CREMADA - C/ ARQUITECTE TOLSA;15;151;"{""coordinates"": [-0.3684892865322936, 39.494252592226935], ""type"": ""Point""}";39.494252592226935, -0.3684892865322936
261;ASOCIACION EL RASTRELL;2412;2;C/ SERPIS, 38;13;132;"{""coordinates"": [-0.3459781278296655, 39.47518207461585], ""type"": ""Point""}";39.47518207461585, -0.3459781278296655
263;ASOCIACION EL RASTRELL;2414;2;C/ PERE DE VALÈNCIA - C/ SERRADORA;13;131;"{""coordinates"": [-0.33515911216077426, 39.46846976158314], ""type"": ""Point""}";39.46846976158314, -0.33515911216077426
240;ASOCIACION LA CASA GRANDE;2416;3;C/ OLTÀ, 50;10;103;"{""coordinates"": [-0.37547667512161287, 39.45255061681714], ""type"": ""Point""}";39.45255061681714, -0.37547667512161287
245;ASOCIACION LA CASA GRANDE;2421;2;C/ RIU ESCALONA - C/ ASTÚRIES;12;125;"{""coordinates"": [-0.35384185866264134, 39.464236677707916], ""type"": ""Point""}";39.464236677707916, -0.35384185866264134
246;ASOCIACION LA CASA GRANDE;2422;2;C/ SAGUNT, 1;5;052;"{""coordinates"": [-0.37502306685856646, 39.48180597939969], ""type"": ""Point""}";39.48180597939969, -0.37502306685856646
248;ASOCIACION LA CASA GRANDE;2424;1;C/ SANT VICENT MARTIR, 148;3;034;"{""coordinates"": [-0.38241848521237537, 39.46235255810445], ""type"": ""Point""}";39.46235255810445, -0.38241848521237537
249;ASOCIACION LA CASA GRANDE;2425;1;C/ VENEÇUELA - C/ CARTERS;9;091;"{""coordinates"": [-0.38732615446406027, 39.45495843503538], ""type"": ""Point""}";39.45495843503538, -0.38732615446406027
251;ASOCIACION EL RASTRELL;2427;3;AV PLATA, 3;10;102;"{""coordinates"": [-0.37211711760192123, 39.45311621311598], ""type"": ""Point""}";39.45311621311598, -0.37211711760192123
252;ASOCIACION EL RASTRELL;2428;3;CTRA MALILLA, 104;10;103;"{""coordinates"": [-0.380296924915312, 39.44640583009056], ""type"": ""Point""}";39.44640583009056, -0.380296924915312
258;ASOCIACION EL RASTRELL;2434;3;PL ARAS DE LOS OLMOS, 4;11;115;"{""coordinates"": [-0.33324672271914196, 39.44849763576921], ""type"": ""Point""}";39.44849763576921, -0.33324672271914196
260;ASOCIACION EL RASTRELL;2436;2;AV PORT - C/ DAMA D'ELX;12;123;"{""coordinates"": [-0.34271170958532393, 39.46285110741915], ""type"": ""Point""}";39.46285110741915, -0.34271170958532393
264;ASOCIACION EL RASTRELL;2437;2;C/ GUILLERMINA MEDRANO (PRIMERA DONA REGIDORA), 13;17;177;"{""coordinates"": [-0.3884077137630632, 39.51499471128693], ""type"": ""Point""}";39.51499471128693, -0.3884077137630632
270;ASOCIACION EL RASTRELL;2443;1;C/ SUECA - C/ CENTELLES;2;021;"{""coordinates"": [-0.3734592927745404, 39.459022543881794], ""type"": ""Point""}";39.459022543881794, -0.3734592927745404
271;ASOCIACION EL RASTRELL;2444;1;C/ HERNÁN CORTÉS - GV MARQUÉS DEL TÚRIA;2;022;"{""coordinates"": [-0.3703592904539207, 39.46668257280296], ""type"": ""Point""}";39.46668257280296, -0.3703592904539207
273;ASOCIACION EL RASTRELL;2446;1;C/ MESTRE SOSA - C/ JESÚS;3;034;"{""coordinates"": [-0.38635831523821657, 39.46260975019285], ""type"": ""Point""}";39.46260975019285, -0.38635831523821657
276;ASOCIACION EL RASTRELL;2449;1;C/ BURGOS - C/ PINTOR SOLTZ;7;071;"{""coordinates"": [-0.399298827678355, 39.46948331488266], ""type"": ""Point""}";39.46948331488266, -0.399298827678355
282;ASOCIACION EL RASTRELL;2455;1;C/ SANT VICENT MARTIR - AV DOCTOR TOMÀS SALA;9;094;"{""coordinates"": [-0.3868404307779278, 39.44686371031484], ""type"": ""Point""}";39.44686371031484, -0.3868404307779278
285;ASOCIACION EL RASTRELL;2458;2;AV CAMPANAR, 37;4;041;"{""coordinates"": [-0.3935993113363697, 39.479722365136624], ""type"": ""Point""}";39.479722365136624, -0.3935993113363697
287;ASOCIACION EL RASTRELL;2460;2;C/ POETA SERRANO CLAVER, 22;16;161;"{""coordinates"": [-0.3891793069612759, 39.49196240607305], ""type"": ""Point""}";39.49196240607305, -0.3891793069612759
289;ASOCIACION EL RASTRELL;2462;2;AV GENERAL AVILES, 32;16;161;"{""coordinates"": [-0.39439931241835163, 39.48683235886237], ""type"": ""Point""}";39.48683235886237, -0.39439931241835163
290;ASOCIACION EL RASTRELL;2463;2;C/ REIG GENOVÉS, 40;15;151;"{""coordinates"": [-0.36970928861181435, 39.49159258072871], ""type"": ""Point""}";39.49159258072871, -0.36970928861181435
295;ASOCIACION EL RASTRELL;2468;2;C/ POETA BODRIA, 10;5;053;"{""coordinates"": [-0.3725137565097921, 39.481232518586616], ""type"": ""Point""}";39.481232518586616, -0.3725137565097921
298;ASOCIACION EL RASTRELL;2471;2;PL NELSON MANDELA;14;141;"{""coordinates"": [-0.35596767160162474, 39.47918785007447], ""type"": ""Point""}";39.47918785007447, -0.35596767160162474
238;ASOCIACION LA CASA GRANDE;2475;2;C/ MONESTIR DE POBLET, 34 acc;16;161;"{""coordinates"": [-0.39476931279650923, 39.48503235572078], ""type"": ""Point""}";39.48503235572078, -0.39476931279650923
216;ASOCIACION LA CASA GRANDE;2476;1;C/ ARXIDUC CARLES - C/ MUSIC GOMIS;8;084;"{""coordinates"": [-0.40079551540734987, 39.45941760055593], ""type"": ""Point""}";39.45941760055593, -0.40079551540734987
222;ASOCIACION LA CASA GRANDE;2482;1;C/ DEMOCRÀCIA, 85;7;072;"{""coordinates"": [-0.4056839984974878, 39.4723889920661], ""type"": ""Point""}";39.4723889920661, -0.4056839984974878
225;ASOCIACION LA CASA GRANDE;2485;2;C/ ÈOL  - C/ HORT DE VEIRAT;6;062;"{""coordinates"": [-0.35656166951369694, 39.47114213957967], ""type"": ""Point""}";39.47114213957967, -0.35656166951369694
232;ASOCIACION LA CASA GRANDE;2492;3;C/ JOAN VERDEGUER - C/ BELLO;11;111;"{""coordinates"": [-0.33552147534703486, 39.45893275339905], ""type"": ""Point""}";39.45893275339905, -0.33552147534703486
174;FUNDACION JOSÉ MARÍA HARO-INTRA;2503;2;AV EQUADOR - C/ SALVADOR TUSSET;16;161;"{""coordinates"": [-0.39318031070131504, 39.496262370230355], ""type"": ""Point""}";39.496262370230355, -0.39318031070131504
176;FUNDACION JOSÉ MARÍA HARO-INTRA;2505;2;C/ MESTRE MARÇAL - C/ ALCUDIA DE CRESPINS;15;152;"{""coordinates"": [-0.3739852929594265, 39.49414854262591], ""type"": ""Point""}";39.49414854262591, -0.3739852929594265
178;FUNDACION JOSÉ MARÍA HARO-INTRA;2507;2;CAMI MONTCADA - C/ ESCULTOR PIQUER;15;152;"{""coordinates"": [-0.3787132973328288, 39.491537499449706], ""type"": ""Point""}";39.491537499449706, -0.3787132973328288
180;FUNDACION JOSÉ MARÍA HARO-INTRA;2509;2;C/ BENICARLO - C/ ALFAHUIR;14;141;"{""coordinates"": [-0.367273632077746, 39.488405959552374], ""type"": ""Point""}";39.488405959552374, -0.367273632077746
181;FUNDACION JOSÉ MARÍA HARO-INTRA;2510;2;C/ FRAY PERE VIVES - C/ BILBAO;5;055;"{""coordinates"": [-0.3728094687346087, 39.4868537320107], ""type"": ""Point""}";39.4868537320107, -0.3728094687346087
188;FUNDACION JOSÉ MARÍA HARO-INTRA;2517;2;C/ DOCTOR MANUEL CANDELA - C/ POETA MAS I ROS;13;132;"{""coordinates"": [-0.3489450644442617, 39.47079882856132], ""type"": ""Point""}";39.47079882856132, -0.3489450644442617
2;FUNDACION JOSÉ MARÍA HARO-INTRA;2521;1;AVD. OEST - C/ QUEVEDO;1;016;"{""coordinates"": [-0.37979656339369705, 39.4704188760755], ""type"": ""Point""}";39.4704188760755, -0.37979656339369705
3;FUNDACION JOSÉ MARÍA HARO-INTRA;2522;1;C/ CONSOLAT DE MAR, 2;2;021;"{""coordinates"": [-0.37164168295697336, 39.46294679066975], ""type"": ""Point""}";39.46294679066975, -0.37164168295697336
5;FUNDACION JOSÉ MARÍA HARO-INTRA;2524;3;C/ ÒSCAR ESPLÀ (MÚSIC), 1 acc - AV PLATA;10;105;"{""coordinates"": [-0.3613059840070723, 39.457358857325524], ""type"": ""Point""}";39.457358857325524, -0.3613059840070723
6;FUNDACION JOSÉ MARÍA HARO-INTRA;2525;3;C/ DOCTOR VICENTE ZARAGOZÁ - C/ DOLORES MARQUÉS;5;053;"{""coordinates"": [-0.3636728898995156, 39.48530624926977], ""type"": ""Point""}";39.48530624926977, -0.3636728898995156
8;FUNDACION JOSÉ MARÍA HARO-INTRA;2527;1;AVD. GUILLEM DE CASTRO - C./ CORONA (JUNT QUIOSC);1;013;"{""coordinates"": [-0.3835909701537824, 39.47809897040282], ""type"": ""Point""}";39.47809897040282, -0.3835909701537824
9;FUNDACION JOSÉ MARÍA HARO-INTRA;2528;1;PL ROMA - C/ BURGOS;7;071;"{""coordinates"": [-0.39873143248297, 39.47079038584803], ""type"": ""Point""}";39.47079038584803, -0.39873143248297
16;FUNDACION JOSÉ MARÍA HARO-INTRA;2535;2;PL SARAGOSSA;6;062;"{""coordinates"": [-0.36006272090788327, 39.46887337455988], ""type"": ""Point""}";39.46887337455988, -0.36006272090788327
18;FUNDACION JOSÉ MARÍA HARO-INTRA;2537;2;AV VALLADOLID, 4;15;153;"{""coordinates"": [-0.36284508855097447, 39.489674729845404], ""type"": ""Point""}";39.489674729845404, -0.36284508855097447
19;FUNDACION JOSÉ MARÍA HARO-INTRA;2538;1;C/ ESCULTOR VICENTE RODILLA - C/ FRANCO TORMO;8;081;"{""coordinates"": [-0.39039144241220336, 39.45819825489952], ""type"": ""Point""}";39.45819825489952, -0.39039144241220336
22;FUNDACION JOSÉ MARÍA HARO-INTRA;2541;3;C/ BENISSODA, 19;11;114;"{""coordinates"": [-0.33448194116067226, 39.47191992987005], ""type"": ""Point""}";39.47191992987005, -0.33448194116067226
23;FUNDACION JOSÉ MARÍA HARO-INTRA;2542;2;C/ ILLES CANÀRIES, 90;12;123;"{""coordinates"": [-0.3485074621627529, 39.46433113928], ""type"": ""Point""}";39.46433113928, -0.3485074621627529
24;FUNDACION JOSÉ MARÍA HARO-INTRA;2543;2;C/ RAMIRO DE MAEZTU - C/ LLEONS;12;121;"{""coordinates"": [-0.34776701673754307, 39.467478451224814], ""type"": ""Point""}";39.467478451224814, -0.34776701673754307
27;ASOCIACION LA CASA GRANDE;2546;1;C/ MESTRE AGUILAR, 10;2;021;"{""coordinates"": [-0.37017631801290535, 39.46112088968818], ""type"": ""Point""}";39.46112088968818, -0.37017631801290535
28;ASOCIACION LA CASA GRANDE;2547;1;PL MANUEL GRANERO - C/ FILIPINES;2;021;"{""coordinates"": [-0.3765515203919259, 39.45848075840637], ""type"": ""Point""}";39.45848075840637, -0.3765515203919259
34;ASOCIACION LA CASA GRANDE;2553;2;C/ MIQUEL NAVARRO (ESCULTOR), 3;4;044;"{""coordinates"": [-0.40076960120010874, 39.480358317417455], ""type"": ""Point""}";39.480358317417455, -0.40076960120010874
37;ASOCIACION LA CASA GRANDE;2556;2;AV JOAN XXIII, 17;16;161;"{""coordinates"": [-0.3829022573732843, 39.49181285502934], ""type"": ""Point""}";39.49181285502934, -0.3829022573732843
38;ASOCIACION LA CASA GRANDE;2557;2;C/ SANT DOMÉNEC SAVIO, 77;15;152;"{""coordinates"": [-0.3758987327361408, 39.497483572713996], ""type"": ""Point""}";39.497483572713996, -0.3758987327361408
39;ASOCIACION LA CASA GRANDE;2558;2;C/ DANIEL BALACIART - C/ EMILI PANACH I RAMOS;14;141;"{""coordinates"": [-0.3548504360515102, 39.48127702970386], ""type"": ""Point""}";39.48127702970386, -0.3548504360515102
43;ASOCIACION LA CASA GRANDE;2562;1;C/ NICOLAU PRIMITIU GÓMEZ SERRANO, 5;8;082;"{""coordinates"": [-0.4031710437911377, 39.456430484177794], ""type"": ""Point""}";39.456430484177794, -0.4031710437911377
46;ASOCIACION LA CASA GRANDE;2565;3;AV PORT, 261;11;111;"{""coordinates"": [-0.33598837862232395, 39.46102690233695], ""type"": ""Point""}";39.46102690233695, -0.33598837862232395
47;ASOCIACION LA CASA GRANDE;2566;3;C/ DOCTOR LLUCH - C/ MEDITERRÀNIA;11;112;"{""coordinates"": [-0.3283162176711059, 39.46714788734965], ""type"": ""Point""}";39.46714788734965, -0.3283162176711059
49;ASOCIACION LA CASA GRANDE;2568;2;C/ SANTS JUST I PASTORS - C/ INDÚSTRIA;12;121;"{""coordinates"": [-0.34166924664083104, 39.467722011186325], ""type"": ""Point""}";39.467722011186325, -0.34166924664083104
53;ASOCIACION EL RASTRELL;2572;1;C/ CUBA - C/ LITERAT AZORÍN;2;021;"{""coordinates"": [-0.375564875030962, 39.459990474820565], ""type"": ""Point""}";39.459990474820565, -0.375564875030962
55;ASOCIACION EL RASTRELL;2574;1;C/ MÚSIC AYLLÓN - C/ ARXIDUC CARLES;7;073;"{""coordinates"": [-0.39509246135273224, 39.465204482022884], ""type"": ""Point""}";39.465204482022884, -0.39509246135273224
59;ASOCIACION EL RASTRELL;2578;1;AV CID - C/ SANTA CRUZ DE TENERIFE;7;073;"{""coordinates"": [-0.39983001461743517, 39.46844564868344], ""type"": ""Point""}";39.46844564868344, -0.39983001461743517
66;ASOCIACION EL RASTRELL;2585;2;AV PORT, 46;12;124;"{""coordinates"": [-0.3561181938203634, 39.46683780600386], ""type"": ""Point""}";39.46683780600386, -0.3561181938203634
67;ASOCIACION EL RASTRELL;2586;2;C/ MISTRAL - C/ GRESES;14;141;"{""coordinates"": [-0.3573271521761667, 39.487906985466026], ""type"": ""Point""}";39.487906985466026, -0.3573271521761667
68;ASOCIACION EL RASTRELL;2587;1;C/ JOSÉ ANDREU ALABARTA, 34;8;082;"{""coordinates"": [-0.40362528494726063, 39.452026293738164], ""type"": ""Point""}";39.452026293738164, -0.40362528494726063
69;ASOCIACION EL RASTRELL;2588;1;C/ TRES FORQUES, 69;8;083;"{""coordinates"": [-0.39531635096715495, 39.46387619321852], ""type"": ""Point""}";39.46387619321852, -0.39531635096715495
71;ASOCIACION EL RASTRELL;2590;3;C/ MARTÍ GRAJALES (PORTA PRINCIPAL MERCAT CABANYAL);11;112;"{""coordinates"": [-0.33347973765049577, 39.46822281572635], ""type"": ""Point""}";39.46822281572635, -0.33347973765049577
72;ASOCIACION EL RASTRELL;2591;3;C/ BEAT JUAN GRANDE, 40;11;113;"{""coordinates"": [-0.329656561959525, 39.47969892587506], ""type"": ""Point""}";39.47969892587506, -0.329656561959525
73;ASOCIACION EL RASTRELL;2592;2;AV BALEARS, 40;12;123;"{""coordinates"": [-0.3514497924579129, 39.46183073331761], ""type"": ""Point""}";39.46183073331761, -0.3514497924579129
78;FUNDACION JOSÉ MARÍA HARO-INTRA;2597;2;AV GERMANS MACHADO - C/ MANUEL MELIÀ I FUSTER (DON PÍO);16;161;"{""coordinates"": [-0.3883801769640255, 39.499014654622194], ""type"": ""Point""}";39.499014654622194, -0.3883801769640255
83;FUNDACION JOSÉ MARÍA HARO-INTRA;2602;1;C/ SALAMANCA, 55;2;023;"{""coordinates"": [-0.36228874005611233, 39.46352639644685], ""type"": ""Point""}";39.46352639644685, -0.36228874005611233
85;FUNDACION JOSÉ MARÍA HARO-INTRA;2604;1;C/ ALBACETE, FRT 15;3;034;"{""coordinates"": [-0.3836685077013499, 39.46394522993281], ""type"": ""Point""}";39.46394522993281, -0.3836685077013499
86;FUNDACION JOSÉ MARÍA HARO-INTRA;2605;1;C/ PIANISTA EMPAR ITURBI - C/ SANT VICENT MÀRTIR;9;091;"{""coordinates"": [-0.3838684202894536, 39.45515950039489], ""type"": ""Point""}";39.45515950039489, -0.3838684202894536
90;FUNDACION JOSÉ MARÍA HARO-INTRA;2609;1;AV CID, 35 - C/ ÉNGUERA;8;081;"{""coordinates"": [-0.3949621726497032, 39.467751807587646], ""type"": ""Point""}";39.467751807587646, -0.3949621726497032
93;FUNDACION JOSÉ MARÍA HARO-INTRA;2612;1;C/ GUADALQUIVIR, 21;19;191;"{""coordinates"": [-0.3763362369230158, 39.432026474387705], ""type"": ""Point""}";39.432026474387705, -0.3763362369230158
94;FUNDACION JOSÉ MARÍA HARO-INTRA;2613;2;C/ MISSER MASCÓ - C/ PERIODISTA JOSE OMBUENA;6;061;"{""coordinates"": [-0.36474593285404977, 39.475979488162366], ""type"": ""Point""}";39.475979488162366, -0.36474593285404977
103;ASOCIACION LA CASA GRANDE;2622;2;AV JOAN XXIII - C/ FRANCISCO COMES MARTINEZ (DRAMATURG);16;161;"{""coordinates"": [-0.3836577320555237, 39.49491509953774], ""type"": ""Point""}";39.49491509953774, -0.3836577320555237
105;ASOCIACION LA CASA GRANDE;2624;2;C/ SAGUNT - C/ HORT D'EN VICENT;5;052;"{""coordinates"": [-0.37447215688208424, 39.48555324490922], ""type"": ""Point""}";39.48555324490922, -0.37447215688208424
106;ASOCIACION LA CASA GRANDE;2625;2;C/ SANT PANCRAÇ  -C/ HORTICULTOR BOSCH;5;051;"{""coordinates"": [-0.385585822981112, 39.488043538463366], ""type"": ""Point""}";39.488043538463366, -0.385585822981112
108;ASOCIACION LA CASA GRANDE;2627;2;C/ ALFAHUIR, 35;15;153;"{""coordinates"": [-0.3640018097747582, 39.49096385400073], ""type"": ""Point""}";39.49096385400073, -0.3640018097747582
113;ASOCIACION LA CASA GRANDE;2632;2;AV CARDENAL BENLLOCH - C/ ERNEST FERRER;6;062;"{""coordinates"": [-0.3543829092781998, 39.47175238729607], ""type"": ""Point""}";39.47175238729607, -0.3543829092781998
115;ASOCIACION LA CASA GRANDE;2634;1;C/ CAMPANERS - C/ PROFESOR BLANCO;8;084;"{""coordinates"": [-0.3999281190584628, 39.45745693583191], ""type"": ""Point""}";39.45745693583191, -0.3999281190584628
116;ASOCIACION LA CASA GRANDE;2635;1;C/ SANT VICENT MÀRTIR - C/ PRIMER DE MAIG;9;093;"{""coordinates"": [-0.3858133823973365, 39.448515396738486], ""type"": ""Point""}";39.448515396738486, -0.3858133823973365
122;ASOCIACION LA CASA GRANDE;2341;1;AV NAVARRO REVERTER - PL AMÉRICA;2;022;"{""coordinates"": [-0.365479954046988, 39.47048462491624], ""type"": ""Point""}";39.47048462491624, -0.365479954046988
123;ASOCIACION LA CASA GRANDE;2342;3;CRA FONTETA DE SANT LLUÍS - C/ PUIGCAMPANA;10;102;"{""coordinates"": [-0.37131747278073446, 39.45501916958079], ""type"": ""Point""}";39.45501916958079, -0.37131747278073446
125;ASOCIACION LA CASA GRANDE;2344;1;C/ ROÍS DE CORELLA - C/ MESTRE SOSA;3;034;"{""coordinates"": [-0.3831486388857912, 39.46006903104014], ""type"": ""Point""}";39.46006903104014, -0.3831486388857912
127;ASOCIACION EL RASTRELL;2346;1;C/ QUART - C/ NORD;3;033;"{""coordinates"": [-0.39044857555479506, 39.474809363950456], ""type"": ""Point""}";39.474809363950456, -0.39044857555479506
133;ASOCIACION EL RASTRELL;2352;1;C/ TORRENT, 35;8;083;"{""coordinates"": [-0.4022502494706535, 39.461674597722656], ""type"": ""Point""}";39.461674597722656, -0.4022502494706535
134;ASOCIACION EL RASTRELL;2353;1;AV TRES CREUS - C/ CIUTAT DE CARLET;8;082;"{""coordinates"": [-0.4015777670919983, 39.45746202528558], ""type"": ""Point""}";39.45746202528558, -0.4015777670919983
136;ASOCIACION EL RASTRELL;2355;1;C/ ALCÀSSER, 1;7;072;"{""coordinates"": [-0.406420300718255, 39.47055091374372], ""type"": ""Point""}";39.47055091374372, -0.406420300718255
140;ASOCIACION EL RASTRELL;2359;3;AV AUSIÀS MARCH - C/ EBENISTA CASELLES;10;105;"{""coordinates"": [-0.3708722843650569, 39.45044211705346], ""type"": ""Point""}";39.45044211705346, -0.3708722843650569
148;ASOCIACION EL RASTRELL;2367;2;C/ RAMÓN LLULL, 27;12;122;"{""coordinates"": [-0.34686325311430527, 39.47670767927522], ""type"": ""Point""}";39.47670767927522, -0.34686325311430527
149;ASOCIACION EL RASTRELL;2368;2;C/ AMADEU DE SAVOIA - AV SUÈCIA;6;062;"{""coordinates"": [-0.3599111224931376, 39.47322920306784], ""type"": ""Point""}";39.47322920306784, -0.3599111224931376
153;FUNDACION JOSÉ MARÍA HARO-INTRA;2372;1;C/ CALIXT III, 30;3;033;"{""coordinates"": [-0.390520092297607, 39.4706805125352], ""type"": ""Point""}";39.4706805125352, -0.390520092297607
158;FUNDACION JOSÉ MARÍA HARO-INTRA;2377;1;C/ JUAN DE GARAY - DOCTOR MARAÑÓN;8;085;"{""coordinates"": [-0.39436042531522997, 39.45443886021573], ""type"": ""Point""}";39.45443886021573, -0.39436042531522997
159;FUNDACION JOSÉ MARÍA HARO-INTRA;2378;1;AV PRIMER DE MAIG - C/ JERONIMA GALES (IMPRESSORA);9;092;"{""coordinates"": [-0.3928264876081644, 39.44982674803756], ""type"": ""Point""}";39.44982674803756, -0.3928264876081644
161;FUNDACION JOSÉ MARÍA HARO-INTRA;2380;1;C/ HISTORIADOR DIAGO - C/ ALZIRA;3;034;"{""coordinates"": [-0.3850265172734607, 39.46709619829678], ""type"": ""Point""}";39.46709619829678, -0.3850265172734607
165;FUNDACION JOSÉ MARÍA HARO-INTRA;2384;1;C/ FÈLIX PIZCUETA - C/ CIRIL AMORÓS;2;022;"{""coordinates"": [-0.37275304696217754, 39.46675464259001], ""type"": ""Point""}";39.46675464259001, -0.37275304696217754
197;FUNDACION JOSÉ MARÍA HARO-INTRA;2394;2;PL LUIS CANO - C/ FELIPE VALLS;18;181;"{""coordinates"": [-0.4189183347132556, 39.501498142253865], ""type"": ""Point""}";39.501498142253865, -0.4189183347132556
200;FUNDACION JOSÉ MARÍA HARO-INTRA;2397;1;AV PINARS, F-16;19;194;"{""coordinates"": [-0.3322182548319948, 39.38279591170216], ""type"": ""Point""}";39.38279591170216, -0.3322182548319948
207;ASOCIACION LA CASA GRANDE;2404;2;AV MANUEL DE FALLA -C/  EDUARD SOLER I PEREZ;4;044;"{""coordinates"": [-0.39938931672365446, 39.4761123133753], ""type"": ""Point""}";39.4761123133753, -0.39938931672365446
262;ASOCIACION EL RASTRELL;2413;3;C/ AMISTAT - AV BLASCO IBAÑEZ;13;133;"{""coordinates"": [-0.35186571334793343, 39.474726851175575], ""type"": ""Point""}";39.474726851175575, -0.35186571334793343
239;ASOCIACION LA CASA GRANDE;2415;2;C/ MÚSIC GINÉS - C/ POETA MAS I ROS;13;132;"{""coordinates"": [-0.3436826309875409, 39.46898024271659], ""type"": ""Point""}";39.46898024271659, -0.3436826309875409
241;ASOCIACION LA CASA GRANDE;2417;2;C/ PEDRO CABANES, F-81;15;152;"{""coordinates"": [-0.3789292977471216, 39.494162498062074], ""type"": ""Point""}";39.494162498062074, -0.3789292977471216
244;ASOCIACION LA CASA GRANDE;2420;2;C/ RIU BIDASOA, 22;15;152;"{""coordinates"": [-0.3785810052544111, 39.49798900780533], ""type"": ""Point""}";39.49798900780533, -0.3785810052544111
254;ASOCIACION EL RASTRELL;2430;1;AV PERIS I VALERO - AV REGNE DE VALÈNCIA;2;021;"{""coordinates"": [-0.3630492825887484, 39.4624926383907], ""type"": ""Point""}";39.4624926383907, -0.3630492825887484
255;ASOCIACION EL RASTRELL;2431;2;C/ SERRADORA - C/ SANTS JUST I PASTOR;12;121;"{""coordinates"": [-0.33558343041208505, 39.4658605482492], ""type"": ""Point""}";39.4658605482492, -0.33558343041208505
257;ASOCIACION EL RASTRELL;2433;3;AV MALVAROSA - C/ VICENT LA RODA;11;113;"{""coordinates"": [-0.3281192474976105, 39.479352957927645], ""type"": ""Point""}";39.479352957927645, -0.3281192474976105
266;ASOCIACION EL RASTRELL;2439;1;C/ VICENT BALDOVÍ (PISCINA MUNICIPAL, JUNT CONTENIDORS);19;195;"{""coordinates"": [-0.3178938694914958, 39.31311837369292], ""type"": ""Point""}";39.31311837369292, -0.3178938694914958
275;ASOCIACION EL RASTRELL;2448;1;PL SAINETISTA ARNICHES, 4;7;072;"{""coordinates"": [-0.40714451926470896, 39.47206030005159], ""type"": ""Point""}";39.47206030005159, -0.40714451926470896
278;ASOCIACION EL RASTRELL;2451;1;PL ENRIC GRANADOS - C/ IMPRESSOR MONFORT;8;081;"{""coordinates"": [-0.3949593139157414, 39.46265235155259], ""type"": ""Point""}";39.46265235155259, -0.3949593139157414
279;ASOCIACION EL RASTRELL;2452;1;C/ CONCA, 84;8;081;"{""coordinates"": [-0.3888793081611423, 39.46381240602947], ""type"": ""Point""}";39.46381240602947, -0.3888793081611423
280;ASOCIACION EL RASTRELL;2453;1;CRA ESCRIVA, 1;9;091;"{""coordinates"": [-0.38391583776117666, 39.4578563810334], ""type"": ""Point""}";39.4578563810334, -0.38391583776117666
283;ASOCIACION EL RASTRELL;2456;2;C/ MONESTIR DE POBLET, 4;4;043;"{""coordinates"": [-0.3917993101103331, 39.486272382500964], ""type"": ""Point""}";39.486272382500964, -0.3917993101103331
284;ASOCIACION EL RASTRELL;2457;2;AV GENERAL AVILES - C/ LUIS BUÑUEL (DIRECTOR DE CINE);4;044;"{""coordinates"": [-0.4033693205475519, 39.48254227829433], ""type"": ""Point""}";39.48254227829433, -0.4033693205475519
286;ASOCIACION EL RASTRELL;2459;2;C/ SANTIAGO CALATRAVA (ARQUITECTE) - C/ ANDILLA;18;181;"{""coordinates"": [-0.4243459710669414, 39.5027891181246], ""type"": ""Point""}";39.5027891181246, -0.4243459710669414
294;ASOCIACION EL RASTRELL;2467;2;C/ ALQUERIA DE L'ESTRELLA - C/ REUS;5;051;"{""coordinates"": [-0.38309246154068105, 39.48561566055421], ""type"": ""Point""}";39.48561566055421, -0.38309246154068105
297;ASOCIACION EL RASTRELL;2470;2;C/ DOCTOR VICENT ZARAGOZÀ, 48;14;141;"{""coordinates"": [-0.3598494829151674, 39.48400060783302], ""type"": ""Point""}";39.48400060783302, -0.3598494829151674
299;ASOCIACION EL RASTRELL;2472;2;C/ ALEMANYA, 10;6;063;"{""coordinates"": [-0.36159459759666646, 39.48204739922927], ""type"": ""Point""}";39.48204739922927, -0.36159459759666646
300;FUNDACION JOSÉ MARÍA HARO-INTRA;2473;2;C/ ARQUITECTE MORA - PG ALBEREDA;6;062;"{""coordinates"": [-0.36323487980437325, 39.47299023908821], ""type"": ""Point""}";39.47299023908821, -0.36323487980437325
215;ASOCIACION LA CASA GRANDE;2474;1;C/ ANGEL GUIMERA - C/ PALLETER;3;034;"{""coordinates"": [-0.386949305830154, 39.47008242365226], ""type"": ""Point""}";39.47008242365226, -0.386949305830154
217;ASOCIACION LA CASA GRANDE;2477;2;C/ ASSAGADOR D'ALBORAIA, 1 acc;14;141;"{""coordinates"": [-0.3607298935555129, 39.48847082998122], ""type"": ""Point""}";39.48847082998122, -0.3607298935555129
219;ASOCIACION LA CASA GRANDE;2479;1;C/ CASTELLÓ, 2;2;021;"{""coordinates"": [-0.37674953206970696, 39.46619044031474], ""type"": ""Point""}";39.46619044031474, -0.37674953206970696
221;ASOCIACION LA CASA GRANDE;2481;1;C/ DEMOCRÀCIA, 28;7;071;"{""coordinates"": [-0.39826790284945673, 39.47386670669177], ""type"": ""Point""}";39.47386670669177, -0.39826790284945673
223;ASOCIACION LA CASA GRANDE;2483;2;C/ DOCTOR GRACIA BRUSTENGA, 1acc;14;141;"{""coordinates"": [-0.35742855692467995, 39.480879239738485], ""type"": ""Point""}";39.480879239738485, -0.35742855692467995
226;ASOCIACION LA CASA GRANDE;2486;2;C/ ERMITA DE SANT ROC, 2;17;173;"{""coordinates"": [-0.3779132950058697, 39.517169508645765], ""type"": ""Point""}";39.517169508645765, -0.3779132950058697
228;ASOCIACION LA CASA GRANDE;2488;1;AV PÉREZ GALDÓS - C/ FRANCESC DE LLANO;8;081;"{""coordinates"": [-0.3896593088327408, 39.46612239958539], ""type"": ""Point""}";39.46612239958539, -0.3896593088327408
233;ASOCIACION LA CASA GRANDE;2493;2;C/ JOSE MARIA HARO (MAGISTRAT) - C/ SERPIS;13;135;"{""coordinates"": [-0.3374932967026845, 39.472512409886875], ""type"": ""Point""}";39.472512409886875, -0.3374932967026845
236;ASOCIACION LA CASA GRANDE;2496;1;C/ MESTRE GUERRERO - C/ JOAN LLORENS;3;033;"{""coordinates"": [-0.39142036992770923, 39.4739340324453], ""type"": ""Point""}";39.4739340324453, -0.39142036992770923
237;ASOCIACION LA CASA GRANDE;2497;2;C/ MESTRE MIGUEL GALAN - C/ JOSEP GROLLO;16;161;"{""coordinates"": [-0.3946493127629025, 39.49469235740098], ""type"": ""Point""}";39.49469235740098, -0.3946493127629025
169;FUNDACION JOSÉ MARÍA HARO-INTRA;2498;1;AV PERIS I VALERO - C/ CABO JUBI;2;021;"{""coordinates"": [-0.37057841484888193, 39.459355423280485], ""type"": ""Point""}";39.459355423280485, -0.37057841484888193
171;FUNDACION JOSÉ MARÍA HARO-INTRA;2500;2;C/ VALL DE LA BALLESTERA, 36 - AV MESTRE RODRIGO (MÚSIC);4;041;"{""coordinates"": [-0.39823031641455797, 39.479226323773744], ""type"": ""Point""}";39.479226323773744, -0.39823031641455797
172;FUNDACION JOSÉ MARÍA HARO-INTRA;2501;2;C/ VICENTE TORMO ALFONSO (CARDIOLEG) - C/ MESTRE RODRIGO (MÚSIC);4;044;"{""coordinates"": [-0.40369332148354514, 39.48622627577099], ""type"": ""Point""}";39.48622627577099, -0.40369332148354514
173;FUNDACION JOSÉ MARÍA HARO-INTRA;2502;2;AV CORTS VALENCIANES - C/ ALT PALANCIA;16;161;"{""coordinates"": [-0.3995103173277119, 39.49147931324642], ""type"": ""Point""}";39.49147931324642, -0.3995103173277119
175;FUNDACION JOSÉ MARÍA HARO-INTRA;2504;2;CAMI MONTCADA - C/ ALEMANY;15;152;"{""coordinates"": [-0.3809072987055269, 39.49650648024303], ""type"": ""Point""}";39.49650648024303, -0.3809072987055269
182;FUNDACION JOSÉ MARÍA HARO-INTRA;2511;2;C/ RUAYA - AV CONSTITUCIÓ;5;051;"{""coordinates"": [-0.3784703999761059, 39.48538469715529], ""type"": ""Point""}";39.48538469715529, -0.3784703999761059
183;FUNDACION JOSÉ MARÍA HARO-INTRA;2512;2;AV MENÉNDEZ PIDAL - C/ DEGÀ RAMON ARNAU;4;042;"{""coordinates"": [-0.38598830401353146, 39.48106543396752], ""type"": ""Point""}";39.48106543396752, -0.38598830401353146
186;FUNDACION JOSÉ MARÍA HARO-INTRA;2515;2;C/ MÚSIC HIPÒLIT MARTINEZ - C/ REAL DE GANDIA;14;141;"{""coordinates"": [-0.35476036993025917, 39.484577239124114], ""type"": ""Point""}";39.484577239124114, -0.35476036993025917
187;FUNDACION JOSÉ MARÍA HARO-INTRA;2516;2;AV CATALUNYA - AV BLASCO IBAÑEZ;6;064;"{""coordinates"": [-0.35600476504977574, 39.47679241184213], ""type"": ""Point""}";39.47679241184213, -0.35600476504977574
4;FUNDACION JOSÉ MARÍA HARO-INTRA;2523;1;C/ JORGE JUAN, 19;2;022;"{""coordinates"": [-0.3690183151504849, 39.4689593739201], ""type"": ""Point""}";39.4689593739201, -0.3690183151504849
17;FUNDACION JOSÉ MARÍA HARO-INTRA;2536;2;C/ SANTIAGO RUSIÑOL - C/ SANT JOAN BOSCO;15;151;"{""coordinates"": [-0.36932283761865686, 39.49702857481262], ""type"": ""Point""}";39.49702857481262, -0.36932283761865686
20;FUNDACION JOSÉ MARÍA HARO-INTRA;2539;1;AV GIORGETA, 18;9;091;"{""coordinates"": [-0.38573246423448626, 39.460463990173544], ""type"": ""Point""}";39.460463990173544, -0.38573246423448626
26;ASOCIACION LA CASA GRANDE;2545;1;C/ CONVENT DE SANT FRANCESC, 8;1;016;"{""coordinates"": [-0.3777765011308262, 39.4685627272511], ""type"": ""Point""}";39.4685627272511, -0.3777765011308262
30;ASOCIACION LA CASA GRANDE;2549;1;C/ SANT VICENT MÀRTIR, 110;3;032;"{""coordinates"": [-0.38107760267354013, 39.46670027304296], ""type"": ""Point""}";39.46670027304296, -0.38107760267354013
32;ASOCIACION LA CASA GRANDE;2551;1;PL ROJAS CLEMENTE;3;031;"{""coordinates"": [-0.3851160688412178, 39.47276405197561], ""type"": ""Point""}";39.47276405197561, -0.3851160688412178
36;ASOCIACION LA CASA GRANDE;2555;2;AV PORTUGAL, 16;5;054;"{""coordinates"": [-0.3789616560181283, 39.48786162477854], ""type"": ""Point""}";39.48786162477854, -0.3789616560181283
48;ASOCIACION LA CASA GRANDE;2567;2;AV PORT - C/ PERIS BRELL;12;121;"{""coordinates"": [-0.34777895042120766, 39.464539734654636], ""type"": ""Point""}";39.464539734654636, -0.34777895042120766
50;ASOCIACION LA CASA GRANDE;2569;2;C/ JOSE MARIA HARO (MAGISTRAT) - C/ CAMPOAMOR;13;131;"{""coordinates"": [-0.3387097024522249, 39.468824273878376], ""type"": ""Point""}";39.468824273878376, -0.3387097024522249
52;ASOCIACION EL RASTRELL;2571;1;C/ MATIES PERELLÓ - C/ MESTRE AGUILAR;2;021;"{""coordinates"": [-0.36968988564023864, 39.46076754710055], ""type"": ""Point""}";39.46076754710055, -0.36968988564023864
56;ASOCIACION EL RASTRELL;2575;1;PL MAGÚNCIA;7;073;"{""coordinates"": [-0.40191038009688057, 39.4650147650783], ""type"": ""Point""}";39.4650147650783, -0.40191038009688057
57;;2576;1;AV MARCONI - C/ SANTIAGO DE LÉS;7;075;"{""coordinates"": [-0.4143195998862947, 39.467940120117966], ""type"": ""Point""}";39.467940120117966, -0.4143195998862947
60;ASOCIACION EL RASTRELL;2579;2;AV VALLE DE LA BALLESTERA - C/ GRAVADOR ENGUÍDANOS;4;041;"{""coordinates"": [-0.39668512755619767, 39.47984347109286], ""type"": ""Point""}";39.47984347109286, -0.39668512755619767
62;ASOCIACION EL RASTRELL;2581;2;C/ COMTE DE LUMIARES, 5;15;152;"{""coordinates"": [-0.37258899303292575, 39.49521063893133], ""type"": ""Point""}";39.49521063893133, -0.37258899303292575
64;ASOCIACION EL RASTRELL;2583;2;C/ LOUIS BRAILLE - C/ CORA RAGA;16;161;"{""coordinates"": [-0.39514060317332733, 39.49630397437067], ""type"": ""Point""}";39.49630397437067, -0.39514060317332733
65;ASOCIACION EL RASTRELL;2584;2;C/ MISSER MASCÓ - C/ NATURALISTA ARÉVALO BACA;6;061;"{""coordinates"": [-0.3618200636044142, 39.475160105514895], ""type"": ""Point""}";39.475160105514895, -0.3618200636044142
70;ASOCIACION EL RASTRELL;2589;1;C/ CAMPOS CRESPO - C/ CASES BAIXES;8;085;"{""coordinates"": [-0.3942641687748868, 39.4563228831172], ""type"": ""Point""}";39.4563228831172, -0.3942641687748868
74;ASOCIACION EL RASTRELL;2593;2;C/ CAMPOAMOR, 91;13;131;"{""coordinates"": [-0.3405656289834225, 39.469211626844526], ""type"": ""Point""}";39.469211626844526, -0.3405656289834225
79;FUNDACION JOSÉ MARÍA HARO-INTRA;2598;2;C/ JERONI DE MONTSORIU - C/ JOSÉ AGUILAR;12;121;"{""coordinates"": [-0.34042769266748824, 39.465296874232294], ""type"": ""Point""}";39.465296874232294, -0.34042769266748824
80;FUNDACION JOSÉ MARÍA HARO-INTRA;2599;2;AV BALEARS - C/ PARE TOMÀS DE MONTAÑANA;12;125;"{""coordinates"": [-0.35273784251199025, 39.462572370214886], ""type"": ""Point""}";39.462572370214886, -0.35273784251199025
82;FUNDACION JOSÉ MARÍA HARO-INTRA;2601;2;C/ VALL DE LA BALLESTERA, 56;4;044;"{""coordinates"": [-0.4036789436911215, 39.478648677443296], ""type"": ""Point""}";39.478648677443296, -0.4036789436911215
87;FUNDACION JOSÉ MARÍA HARO-INTRA;2606;1;AV GASPAR AGUILAR - C/ FONTANARS DELS ALFORINS;8;081;"{""coordinates"": [-0.39046987243968734, 39.45670400828103], ""type"": ""Point""}";39.45670400828103, -0.39046987243968734
91;FUNDACION JOSÉ MARÍA HARO-INTRA;2610;1;C/ FONTANARS DELS ALFORINS - C/ VALL D'UIXÓ;8;084;"{""coordinates"": [-0.3953768574155987, 39.460928536533096], ""type"": ""Point""}";39.460928536533096, -0.3953768574155987
92;FUNDACION JOSÉ MARÍA HARO-INTRA;2611;1;C/ CONCA, 132;8;081;"{""coordinates"": [-0.3911608894999843, 39.461011099305466], ""type"": ""Point""}";39.461011099305466, -0.3911608894999843
96;FUNDACION JOSÉ MARÍA HARO-INTRA;2615;3;C/ ILLA CABRERA - C/ JUAN RAMON JIMÉNEZ;10;103;"{""coordinates"": [-0.3721975247906813, 39.449488562566145], ""type"": ""Point""}";39.449488562566145, -0.3721975247906813
98;FUNDACION JOSÉ MARÍA HARO-INTRA;2617;2;AV CONSTITUCIÓ - C/ LLEIDA;5;052;"{""coordinates"": [-0.3787671797382493, 39.483774733773124], ""type"": ""Point""}";39.483774733773124, -0.3787671797382493
99;FUNDACION JOSÉ MARÍA HARO-INTRA;2618;2;AV BURJASSOT - C/ DOCTOR MACHÍ;5;051;"{""coordinates"": [-0.38613951812740066, 39.48584012999646], ""type"": ""Point""}";39.48584012999646, -0.38613951812740066
102;ASOCIACION LA CASA GRANDE;2621;2;AV CORTS VALENCIANES - C/ CANAL DE NAVARRÉS;4;044;"{""coordinates"": [-0.40142749864508503, 39.49231459000782], ""type"": ""Point""}";39.49231459000782, -0.40142749864508503
107;ASOCIACION LA CASA GRANDE;2626;2;C/ BÈLGICA - C/ CARAVACA;6;064;"{""coordinates"": [-0.35575023457610794, 39.47348861771546], ""type"": ""Point""}";39.47348861771546, -0.35575023457610794
109;ASOCIACION LA CASA GRANDE;2628;2;AV FRANÇA - C/ TRAFALGAR;12;125;"{""coordinates"": [-0.3463298326099112, 39.45880534756086], ""type"": ""Point""}";39.45880534756086, -0.3463298326099112
111;ASOCIACION LA CASA GRANDE;2630;1;AV TRES CREUS, 25;7;073;"{""coordinates"": [-0.4057530857978812, 39.46746583937357], ""type"": ""Point""}";39.46746583937357, -0.4057530857978812
114;ASOCIACION LA CASA GRANDE;2633;1;C/ ARXIDUC CARLES - C/ MARE DE DÉU DE LA CABEÇA;8;084;"{""coordinates"": [-0.3985573227199118, 39.46129778625353], ""type"": ""Point""}";39.46129778625353, -0.3985573227199118
117;ASOCIACION LA CASA GRANDE;2636;1;C/ CARTERS - C/ TOMÀS DE VILLAROYA;9;093;"{""coordinates"": [-0.38947372742490355, 39.44781868556267], ""type"": ""Point""}";39.44781868556267, -0.38947372742490355
119;ASOCIACION LA CASA GRANDE;2638;1;C/ PALLETER - C/ CALIXT III;3;033;"{""coordinates"": [-0.3881989639761334, 39.4718987795355], ""type"": ""Point""}";39.4718987795355, -0.3881989639761334
120;ASOCIACION LA CASA GRANDE;2639;1;C/ MESTRE GOZALBO, 10;2;023;"{""coordinates"": [-0.3697369210984889, 39.46577755477126], ""type"": ""Point""}";39.46577755477126, -0.3697369210984889
121;ASOCIACION LA CASA GRANDE;2640;3;C/ MALILLA - C/ BERNAT DESCOLL;10;103;"{""coordinates"": [-0.3789885406740058, 39.45085565994616], ""type"": ""Point""}";39.45085565994616, -0.3789885406740058
